date,open,high,low,close,volume,suspicious_flag
2019-05-06,7701.25,7817.5,7668.75,7763.75,93025,
2019-05-07,7764.5,7804.0,7581.5,7652.75,159183,
2019-05-08,7653.75,7697.75,7600.75,7632.75,174036,
2019-05-09,7632.25,7642.0,7481.25,7600.0,182615,
2019-05-10,7600.0,7653.5,7435.5,7610.25,164130,
2019-05-13,7518.0,7533.25,7286.0,7306.75,151006,
2019-05-14,7306.25,7459.5,7305.75,7433.25,87797,
2019-05-15,7432.25,7538.5,7353.75,7518.0,104777,
2019-05-16,7518.0,7641.25,7473.25,7607.75,122863,
2019-05-17,7608.5,7619.75,7506.5,7512.0,176068,
2019-05-20,7542.75,7559.5,7361.5,7415.25,204228,
2019-05-21,7416.0,7485.25,7400.75,7470.75,149161,
2019-05-22,7470.25,7474.0,7391.0,7417.75,120828,
2019-05-23,7418.5,7421.5,7268.25,7323.5,233329,
2019-05-24,7325.25,7379.5,7300.5,7312.0,135498,
2019-05-27,7309.75,7338.25,7293.0,7323.25,13960,
2019-05-28,7324.5,7371.5,7280.75,7288.5,157219,
2019-05-29,7289.75,7291.25,7183.25,7221.25,208350,
2019-05-30,7222.25,7271.25,7183.0,7187.5,153922,
2019-05-31,7187.5,7217.0,7129.5,7136.25,195670,
2019-06-03,7081.75,7132.5,6940.5,7001.75,266791,
2019-06-04,7001.75,7211.25,6981.5,7203.75,204822,
2019-06-05,7205.25,7245.25,7150.0,7212.25,196413,
2019-06-06,7212.75,7299.5,7204.25,7275.75,150975,
2019-06-07,7276.0,7452.5,7264.25,7428.75,167108,
2019-06-10,7456.0,7578.25,7431.5,7507.75,158581,
2019-06-11,7508.0,7601.0,7492.5,7514.25,145405,
2019-06-12,7513.0,7531.0,7461.0,7490.0,109750,
2019-06-13,7489.5,7536.0,7421.5,7495.75,114512,
2019-06-14,7496.0,7521.0,7451.75,7484.25,58509,
2019-06-17,7496.0,7550.75,7482.75,7536.0,17540,
2019-06-18,7536.75,7693.0,7515.5,7657.5,20378,
2019-06-19,7686.0,7731.75,7630.0,7727.5,124815,
2019-06-20,7726.0,7820.75,7706.5,7764.0,133085,
2019-06-21,7764.0,7803.5,7725.75,7746.5,185715,
2019-06-24,7769.75,7794.0,7746.0,7759.0,100118,
2019-06-25,7760.0,7779.75,7609.5,7626.25,186038,
2019-06-26,7626.25,7719.0,7622.0,7653.75,157011,
2019-06-27,7654.0,7716.75,7650.5,7695.75,122304,
2019-06-28,7696.5,7726.0,7664.25,7724.0,127107,
2019-07-01,7802.25,7850.25,7758.75,7777.5,168005,
2019-07-02,7777.75,7843.25,7762.75,7835.5,134924,
2019-07-03,7835.25,7900.75,7824.75,7890.0,88423,
2019-07-04,7888.5,7909.25,7881.75,7904.25,13054,
2019-07-05,7904.5,7908.5,7797.0,7854.75,161714,
2019-07-08,7843.25,7846.75,7777.75,7794.0,126567,
2019-07-09,7793.25,7858.75,7743.25,7847.0,176159,
2019-07-10,7847.0,7949.5,7811.5,7927.25,240496,
2019-07-11,7927.75,7963.25,7894.25,7921.75,242238,
2019-07-12,7921.5,7967.75,7918.75,7958.0,166042,
2019-07-15,7952.0,7998.25,7941.25,7994.5,157112,
2019-07-16,7994.75,8001.5,7924.0,7941.5,190417,
2019-07-17,7941.25,7966.5,7868.0,7873.0,190857,
2019-07-18,7872.75,7974.75,7833.0,7945.75,266363,
2019-07-19,7945.75,7980.5,7815.0,7819.0,262064,
2019-07-22,7851.0,7936.25,7833.25,7928.75,218255,
2019-07-23,7928.75,7985.75,7908.25,7953.5,236231,
2019-07-24,7953.75,8051.75,7925.75,8016.75,199631,
2019-07-25,8017.0,8034.25,7917.25,7992.75,293468,
2019-07-26,7993.25,8040.5,7990.5,8015.0,183283,
2019-07-29,8018.0,8031.75,7951.5,8010.0,141991,
2019-07-30,8010.0,8019.75,7928.25,7989.5,181910,
2019-07-31,7989.5,8001.75,7782.0,7837.5,313611,
2019-08-01,7837.5,8014.5,7774.0,7785.75,425291,
2019-08-02,7786.75,7805.0,7650.0,7708.25,331216,
2019-08-05,7681.5,7705.5,7225.0,7243.5,393474,
2019-08-06,7243.75,7548.75,7236.5,7501.75,381058,
2019-08-07,7501.75,7577.25,7387.75,7538.0,441874,
2019-08-08,7538.0,7738.5,7526.25,7714.75,314083,
2019-08-09,7714.75,7724.0,7596.75,7669.25,325132,
2019-08-12,7642.5,7709.75,7534.75,7583.0,289210,
2019-08-13,7583.0,7789.25,7513.75,7754.25,314042,
2019-08-14,7755.25,7767.5,7466.75,7504.0,451569,
2019-08-15,7504.0,7573.25,7388.5,7515.0,471751,
2019-08-16,7514.25,7632.25,7502.25,7612.75,278393,
2019-08-19,7651.5,7750.25,7636.75,7711.75,170695,
2019-08-20,7711.25,7752.5,7651.5,7672.25,201898,
2019-08-21,7672.75,7782.25,7672.25,7769.75,147589,
2019-08-22,7770.0,7773.75,7653.75,7712.5,212633,
2019-08-23,7712.25,7762.0,7448.0,7493.25,355921,
2019-08-26,7410.75,7626.0,7403.75,7573.25,235101,
2019-08-27,7573.0,7648.75,7536.75,7588.0,252253,
2019-08-28,7587.75,7605.75,7503.75,7582.75,219250,
2019-08-29,7582.25,7730.25,7548.5,7699.75,178326,
2019-08-30,7700.25,7770.25,7646.0,7676.0,184432,
2019-09-02,7630.5,7695.75,7581.5,7625.25,61233,
2019-09-03,7625.25,7676.75,7587.5,7612.0,225928,
2019-09-04,7612.5,7729.75,7610.5,7723.25,183286,
2019-09-05,7723.0,7886.5,7721.75,7873.25,194758,
2019-09-06,7873.75,7895.5,7838.5,7865.75,149676,
2019-09-09,7864.5,7887.25,7798.5,7843.5,138543,
2019-09-10,7844.0,7857.75,7744.25,7811.5,193300,
2019-09-11,7810.0,7960.0,7786.5,7952.5,155968,
2019-09-12,7952.75,7982.0,7903.0,7934.0,179256,
2019-09-13,7932.0,7958.25,7881.25,7887.75,42138,
2019-09-16,7840.0,7897.0,7798.25,7885.75,111609,
2019-09-17,7886.0,7921.5,7850.5,7912.0,118376,
2019-09-18,7912.75,7929.0,7813.25,7906.75,134428,
2019-09-19,7907.0,7974.0,7852.75,7927.75,154890,
2019-09-20,7926.75,7952.25,7811.25,7832.5,169995,
2019-09-23,7876.5,7904.25,7807.75,7885.5,150687,
2019-09-24,7885.5,7894.0,7701.75,7753.0,248134,
2019-09-25,7753.0,7844.25,7663.75,7816.5,229010,
2019-09-26,7817.0,7842.5,7735.0,7777.5,211351,
2019-09-27,7777.5,7822.0,7640.75,7715.75,257872,
2019-09-30,7723.75,7791.0,7707.25,7781.5,201807,
2019-10-01,7782.0,7841.5,7691.0,7722.25,272304,
2019-10-02,7721.25,7730.5,7525.5,7559.25,341885,
2019-10-03,7559.75,7660.0,7474.75,7644.0,319068,
2019-10-04,7644.25,7773.75,7616.25,7767.0,228139,
2019-10-07,7738.25,7799.75,7720.75,7743.0,200431,
2019-10-08,7743.0,7784.5,7605.0,7617.0,258908,
2019-10-09,7617.25,7731.75,7583.0,7636.25,200034,
2019-10-10,7636.0,7815.0,7611.25,7783.25,195207,
2019-10-11,7782.25,7918.25,7767.0,7859.0,230377,
2019-10-14,7893.0,7894.5,7807.0,7877.75,145922,
2019-10-15,7877.75,7971.75,7861.5,7951.5,163755,
2019-10-16,7951.5,7959.75,7907.75,7939.25,169597,
2019-10-17,7939.0,7994.75,7922.75,7948.0,162969,
2019-10-18,7948.0,7958.25,7835.5,7884.5,190504,
2019-10-21,7894.25,7951.25,7886.25,7945.75,156525,
2019-10-22,7945.5,7988.5,7837.5,7844.5,194628,
2019-10-23,7844.25,7932.5,7810.5,7925.0,203402,
2019-10-24,7924.75,7985.0,7912.75,7924.25,190336,
2019-10-25,7924.0,8041.5,7921.0,8038.5,182883,
2019-10-28,8057.25,8126.75,8050.0,8112.75,146566,
2019-10-29,8112.5,8119.0,8050.5,8059.0,175347,
2019-10-30,8059.0,8142.0,8020.75,8123.25,190538,
2019-10-31,8123.5,8139.0,8046.0,8089.5,240487,
2019-11-01,8089.5,8167.75,8089.5,8163.0,165198,
2019-11-04,8176.75,8246.5,8173.5,8239.75,173813,
2019-11-05,8239.75,8248.25,8193.25,8213.25,168034,
2019-11-06,8213.75,8228.0,8161.25,8203.25,161706,
2019-11-07,8203.25,8282.25,8190.25,8237.25,152444,
2019-11-08,8237.25,8264.25,8190.25,8260.0,142517,
2019-11-11,8252.0,8257.75,8206.5,8244.0,96564,
2019-11-12,8244.5,8300.0,8228.75,8264.5,150996,
2019-11-13,8264.75,8281.75,8220.0,8264.25,172046,
2019-11-14,8264.75,8285.25,8216.5,8271.5,162542,
2019-11-15,8271.5,8323.75,8265.0,8323.75,138685,
2019-11-18,8310.25,8366.0,8279.25,8327.75,170120,
2019-11-19,8328.0,8379.75,8312.75,8317.75,168497,
2019-11-20,8318.0,8348.0,8230.75,8270.25,236587,
2019-11-21,8269.75,8307.75,8239.5,8270.0,208455,
2019-11-22,8270.25,8313.25,8233.25,8282.0,157478,
2019-11-25,8306.5,8379.75,8301.25,8375.5,106570,
2019-11-26,8375.25,8421.0,8366.5,8401.5,129681,
2019-11-27,8401.75,8458.75,8397.25,8425.5,121520,
2019-11-28,8425.25,8449.75,8413.5,8449.25,29269,
2019-11-29,8449.0,8450.5,8406.25,8421.25,88542,
2019-12-02,8431.25,8456.75,8276.0,8304.25,258604,
2019-12-03,8304.75,8337.25,8168.5,8261.75,299355,
2019-12-04,8261.75,8319.5,8220.75,8290.75,201316,
2019-12-05,8291.0,8340.0,8273.25,8314.75,196287,
2019-12-06,8315.25,8409.25,8314.75,8403.25,129528,
2019-12-09,8404.0,8427.25,8346.25,8358.25,130587,
2019-12-10,8358.5,8398.25,8297.0,8361.0,196113,
2019-12-11,8360.75,8415.25,8345.0,8414.75,132271,
2019-12-12,8414.5,8508.75,8381.0,8502.0,237931,
2019-12-13,8501.75,8523.0,8436.0,8494.0,57302,
2019-12-16,8535.75,8618.0,8535.0,8598.75,100704,
2019-12-17,8599.0,8626.25,8592.75,8603.25,109710,
2019-12-18,8603.5,8641.0,8595.25,8622.0,95047,
2019-12-19,8621.75,8682.75,8608.5,8680.0,102203,
2019-12-20,8680.0,8724.75,8665.5,8710.25,122578,
2019-12-23,8722.0,8743.5,8712.5,8729.25,75943,
2019-12-24,8729.0,8736.0,8707.5,8730.0,34576,
2019-12-25,8730.0,8734.0,8726.0,8730.25,663,
2019-12-26,8730.5,8809.5,8729.5,8808.0,55914,
2019-12-27,8808.25,8843.25,8769.75,8778.75,129698,
2019-12-30,8798.0,8809.75,8691.0,8735.0,168084,
2019-12-31,8735.0,8772.0,8692.25,8771.5,112806,
2020-01-01,8773.0,8783.75,8769.25,8776.0,3515,
2020-01-02,8777.0,8907.0,8772.5,8898.75,169274,
2020-01-03,8898.5,8907.75,8735.25,8810.25,312648,
2020-01-06,8778.25,8872.5,8723.0,8849.0,215711,
2020-01-07,8849.0,8894.5,8727.0,8752.0,264606,
2020-01-08,8752.5,8972.5,8678.25,8952.0,383697,
2020-01-09,8952.25,9022.25,8932.5,9015.5,238449,
2020-01-10,9015.75,9055.25,8966.5,8978.25,231481,
2020-01-13,8987.5,9107.25,8985.25,9105.0,170393,
2020-01-14,9105.25,9114.75,9029.0,9031.0,272234,
2020-01-15,9031.25,9096.0,9023.0,9074.25,218113,
2020-01-16,9074.0,9157.75,9063.75,9145.75,175329,
2020-01-17,9145.75,9189.25,9130.0,9171.25,168454,
2020-01-20,9184.75,9187.0,9160.0,9170.0,32883,
2020-01-21,9170.25,9199.75,9114.5,9178.25,198609,
2020-01-22,9178.25,9254.0,9177.75,9182.5,197663,
2020-01-23,9182.25,9272.25,9151.75,9270.0,239010,
2020-01-24,9270.25,9287.5,9109.75,9137.25,323347,
2020-01-27,9014.75,9054.0,8926.0,8978.75,384929,
2020-01-28,8978.75,9136.0,8964.5,9100.0,310062,
2020-01-29,9100.0,9158.75,9072.25,9121.75,303846,
2020-01-30,9122.0,9240.0,9003.75,9218.0,394978,
2020-01-31,9217.75,9249.0,8965.0,9012.5,567021,
2020-02-03,9019.5,9155.75,9011.0,9089.75,293195,
2020-02-04,9090.0,9369.0,9087.5,9338.0,273826,
2020-02-05,9338.0,9464.25,9318.25,9381.0,328511,
2020-02-06,9381.0,9477.0,9363.0,9466.75,255964,
2020-02-07,9466.75,9470.75,9385.0,9400.0,274272,
2020-02-10,9356.25,9531.75,9356.25,9525.25,253734,
2020-02-11,9525.75,9609.5,9501.5,9541.25,259168,
2020-02-12,9541.25,9628.0,9524.25,9576.5,221780,
2020-02-13,9577.75,9644.75,9511.25,9609.75,288228,
2020-02-14,9610.0,9659.25,9588.25,9630.75,222432,
2020-02-17,9663.75,9687.25,9579.75,9602.75,58572,
2020-02-18,9603.0,9664.75,9534.0,9664.25,249808,
2020-02-19,9664.25,9748.75,9647.5,9745.0,192250,
2020-02-20,9744.75,9763.0,9516.25,9572.75,496431,
2020-02-21,9573.5,9612.0,9411.5,9456.25,443856,
2020-02-24,9310.0,9324.0,9041.0,9140.5,714456,
2020-02-25,9141.0,9224.5,8810.0,8921.25,886086,
2020-02-26,8921.5,9037.75,8709.25,8832.0,929365,
2020-02-27,8831.25,8852.75,8313.0,8413.75,1128729,
2020-02-28,8414.25,8447.25,8124.25,8270.25,760543,
2020-03-02,8355.25,8883.0,8315.75,8859.5,1038812,
2020-03-03,8860.0,9003.0,8507.25,8562.5,1080058,
2020-03-04,8561.5,8950.0,8557.75,8882.75,700950,
2020-03-05,8883.25,8888.0,8610.75,8694.0,718218,
2020-03-06,8693.5,8726.0,8312.0,8503.75,852124,
2020-03-09,8114.25,8240.25,7801.0,8109.0,569921,
2020-03-10,8110.5,8380.0,7931.5,8211.0,1001837,
2020-03-11,8211.0,8250.0,7892.75,7995.0,888499,
2020-03-12,7995.25,8018.75,7058.5,7116.75,1064278,
2020-03-13,7114.5,7980.0,6942.5,7821.0,252688,
2020-03-16,7541.0,7543.75,6906.0,7137.75,496406,
2020-03-17,7137.25,7537.0,6931.25,7176.5,925749,
2020-03-18,7173.75,7423.25,6810.0,7361.5,666017,
2020-03-19,7363.75,7502.0,6874.75,7197.5,1026188,
2020-03-20,7196.0,7629.0,6890.5,6929.5,931331,
2020-03-23,6685.5,7319.25,6628.75,7083.75,926297,
2020-03-24,7081.5,7633.5,7034.75,7496.25,746144,
2020-03-25,7496.75,7762.25,7372.5,7479.0,905852,
2020-03-26,7477.75,7900.25,7310.0,7877.0,815182,
2020-03-27,7877.5,7893.5,7551.0,7559.25,699499,
2020-03-30,7466.75,7886.0,7455.75,7875.0,621813,
2020-03-31,7875.5,7995.0,7704.75,7712.0,645186,
2020-04-01,7711.0,7744.25,7403.75,7506.75,623858,
2020-04-02,7507.25,7656.5,7375.5,7591.75,753334,
2020-04-03,7591.75,7660.5,7423.5,7524.0,500926,
2020-04-06,7654.5,8099.0,7651.25,8080.5,518037,
2020-04-07,8081.5,8303.75,7947.75,8042.0,731589,
2020-04-08,8041.25,8242.0,7953.0,8224.25,604574,
2020-04-09,8226.5,8327.0,8102.0,8239.75,624687,
2020-04-13,8118.25,8374.0,8085.25,8365.5,430257,
2020-04-14,8366.25,8708.5,8319.0,8673.5,449215,
2020-04-15,8673.75,8682.0,8486.5,8532.75,498831,
2020-04-16,8533.0,8967.75,8500.5,8933.25,616762,
2020-04-17,8933.5,8953.0,8689.0,8808.0,537724,
2020-04-20,8747.5,8846.0,8686.25,8730.25,512469,
2020-04-21,8730.5,8763.0,8342.0,8458.0,755724,
2020-04-22,8458.5,8699.25,8399.5,8616.5,509590,
2020-04-23,8617.0,8787.0,8531.75,8552.25,505723,
2020-04-24,8552.75,8804.0,8498.0,8767.25,438642,
2020-04-27,8753.75,8898.0,8736.0,8823.5,421757,
2020-04-28,8823.25,8946.0,8654.25,8767.75,576121,
2020-04-29,8767.5,9119.25,8764.25,9091.0,548887,
2020-04-30,9090.75,9144.75,8803.0,8838.25,645486,
2020-05-01,8839.5,8878.5,8671.75,8702.0,498695,
2020-05-04,8583.0,8827.5,8556.75,8823.75,514212,
2020-05-05,8824.0,9019.75,8818.5,8956.25,519766,
2020-05-06,8956.5,9056.5,8877.75,8964.75,566047,
2020-05-07,8964.75,9143.75,8964.75,9141.25,498736,
2020-05-08,9141.5,9238.0,9116.0,9221.25,440768,
2020-05-11,9254.0,9338.75,9118.75,9277.25,569599,
2020-05-12,9277.5,9345.75,9006.5,9014.25,693355,
2020-05-13,9014.5,9202.5,8878.25,9011.5,942291,
2020-05-14,9012.25,9111.5,8846.5,9107.75,845970,
2020-05-15,9107.5,9148.75,8925.25,9119.75,791472,
2020-05-18,9165.25,9361.5,9155.75,9344.25,542805,
2020-05-19,9343.5,9417.25,9273.25,9318.25,648373,
2020-05-20,9318.5,9503.25,9310.0,9485.75,526053,
2020-05-21,9485.75,9510.5,9349.5,9402.75,641595,
2020-05-22,9403.75,9422.75,9241.25,9422.75,589151,
2020-05-25,9456.0,9536.75,9416.25,9510.25,172942,
2020-05-26,9509.75,9604.0,9373.0,9394.5,566676,
2020-05-27,9394.5,9508.0,9173.25,9442.25,771843,
2020-05-28,9442.0,9565.5,9320.5,9418.25,781723,
2020-05-29,9418.5,9590.5,9372.0,9589.0,865701,
2020-06-01,9507.25,9606.0,9481.25,9565.75,544784,
2020-06-02,9566.0,9677.25,9505.0,9675.0,559488,
2020-06-03,9675.5,9728.25,9640.75,9696.75,498414,
2020-06-04,9696.75,9742.5,9572.5,9618.75,578148,
2020-06-05,9619.0,9846.75,9602.0,9807.5,542151,
2020-06-08,9871.75,9901.0,9746.75,9880.0,427771,
2020-06-09,9879.5,10007.5,9811.5,9989.25,542674,
2020-06-10,9989.5,10155.5,9958.5,10043.5,648341,
2020-06-11,10043.5,10096.0,9584.5,9678.75,1055307,
2020-06-12,9678.5,9849.0,9495.0,9642.25,549445,
2020-06-15,9552.25,9879.5,9381.0,9877.5,280605,
2020-06-16,9876.5,10015.5,9797.0,9994.5,116469,
2020-06-17,9984.5,10047.5,9915.0,9949.5,448895,
2020-06-18,9949.75,10029.25,9867.0,10020.75,467654,
2020-06-19,10020.5,10112.5,9912.75,9924.5,514716,
2020-06-22,9905.25,10158.0,9895.0,10149.75,399312,
2020-06-23,10149.75,10296.0,9972.5,10180.75,511665,
2020-06-24,10180.0,10241.75,9927.25,9973.5,691715,
2020-06-25,9974.25,10120.5,9885.5,10106.25,658425,
2020-06-26,10106.0,10120.0,9824.0,9844.0,651163,
2020-06-29,9827.25,10008.25,9729.0,9992.75,574995,
2020-06-30,9993.5,10043.0,9940.0,10034.75,220218,
2020-07-01,10129.5,10309.0,10075.75,10269.5,450273,
2020-07-02,10268.5,10422.5,10252.25,10350.0,418267,
2020-07-03,10349.75,10389.75,10309.0,10325.25,125052,
2020-07-06,10393.25,10648.25,10391.25,10640.0,480218,
2020-07-07,10640.0,10694.5,10506.0,10550.25,557824,
2020-07-08,10550.0,10698.0,10505.25,10682.5,569983,
2020-07-09,10682.25,10774.25,10560.25,10754.25,656171,
2020-07-10,10754.5,10847.25,10625.5,10842.75,596937,
2020-07-13,10877.0,11058.25,10562.0,10645.5,821706,
2020-07-14,10645.25,10740.0,10358.75,10717.5,1149809,
2020-07-15,10717.75,10766.5,10551.5,10647.25,841737,
2020-07-16,10647.0,10647.0,10475.5,10566.75,781858,
2020-07-17,10567.25,10669.0,10538.0,10623.5,550738,
2020-07-20,10647.25,10980.0,10545.5,10949.75,563182,
2020-07-21,10950.25,11057.75,10784.75,10873.25,719828,
2020-07-22,10873.75,10916.25,10761.75,10823.0,649944,
2020-07-23,10822.75,10938.5,10514.5,10582.75,828102,
2020-07-24,10581.75,10597.75,10301.25,10463.0,882767,
2020-07-27,10439.75,10707.0,10433.25,10698.5,641137,
2020-07-28,10698.75,10758.5,10513.75,10564.0,713647,
2020-07-29,10563.5,10702.75,10512.0,10679.5,545335,
2020-07-30,10680.0,10928.75,10502.75,10905.5,829199,
2020-07-31,10905.5,10939.25,10691.0,10915.5,881778,
2020-08-03,10912.25,11073.0,10894.25,11036.5,519859,
2020-08-04,11036.5,11094.75,10982.75,11073.75,656848,
2020-08-05,11073.5,11143.5,11055.75,11089.25,467275,
2020-08-06,11089.0,11271.5,11051.5,11252.5,623632,
2020-08-07,11252.0,11283.25,11035.25,11131.0,749444,
2020-08-10,11107.75,11146.5,10928.5,11074.0,605318,
2020-08-11,11073.5,11157.5,10845.25,10922.75,734666,
2020-08-12,10922.75,11184.5,10878.25,11131.75,624516,
2020-08-13,11131.75,11265.75,11094.25,11205.25,608451,
2020-08-14,11205.5,11237.25,11096.0,11145.75,558058,
2020-08-17,11161.25,11309.0,11153.25,11305.0,375996,
2020-08-18,11305.25,11444.75,11268.5,11416.5,491258,
2020-08-19,11416.0,11437.75,11284.0,11290.5,601856,
2020-08-20,11290.5,11502.25,11221.5,11499.5,525206,
2020-08-21,11499.75,11573.5,11407.0,11563.0,505530,
2020-08-24,11583.25,11722.5,11528.25,11646.75,664319,
2020-08-25,11647.25,11754.0,11574.75,11746.75,564674,
2020-08-26,11747.5,12002.0,11726.5,11967.75,639504,
2020-08-27,11967.25,12046.25,11834.5,11969.25,888827,
2020-08-28,11969.5,12018.0,11920.25,12003.75,645416,
2020-08-31,12048.25,12165.0,11988.25,12125.25,669832,
2020-09-01,12126.0,12362.75,12125.0,12360.5,684334,
2020-09-02,12360.25,12466.0,12172.25,12421.75,1180958,
2020-09-03,12421.5,12421.5,11582.25,11601.0,1905680,
2020-09-04,11601.25,11843.25,11141.25,11540.5,1593387,
2020-09-07,11418.25,11585.5,11371.0,11559.5,311981,
2020-09-08,11559.5,11577.25,10935.0,11041.25,1415980,
2020-09-09,11040.25,11478.75,11037.25,11443.5,974746,
2020-09-10,11444.25,11567.0,11087.75,11202.75,1128737,
2020-09-11,11203.0,11356.75,10937.5,11073.0,674178,
2020-09-14,11185.75,11362.25,11163.25,11298.0,280589,
2020-09-15,11297.5,11495.25,11247.25,11435.25,175083,
2020-09-16,11421.25,11536.75,11223.25,11268.75,653252,
2020-09-17,11268.0,11273.0,10903.5,11069.25,1025414,
2020-09-18,11069.25,11162.5,10742.0,10938.0,1044131,
2020-09-21,10931.5,11017.0,10656.75,11012.0,1213266,
2020-09-22,11012.25,11192.25,10897.25,11120.5,913461,
2020-09-23,11121.0,11222.5,10725.0,10749.0,1013787,
2020-09-24,10749.0,11011.75,10657.75,10950.75,1172714,
2020-09-25,10951.5,11169.0,10813.75,11135.75,873979,
2020-09-28,11158.5,11423.0,11140.75,11418.25,681305,
2020-09-29,11418.75,11449.0,11289.75,11340.25,639269,
2020-09-30,11339.75,11525.25,11167.5,11444.0,930521,
2020-10-01,11444.0,11604.75,11409.0,11571.5,741747,
2020-10-02,11571.0,11589.75,11205.0,11254.25,1140544,
2020-10-05,11332.25,11496.75,11268.0,11435.0,633771,
2020-10-06,11435.0,11524.25,11197.5,11256.0,1008071,
2020-10-07,11256.0,11507.5,11243.0,11500.75,656726,
2020-10-08,11500.75,11585.0,11473.5,11579.5,590925,
2020-10-09,11579.25,11740.0,11553.0,11724.25,482380,
2020-10-12,11743.5,12197.0,11718.0,12109.25,909186,
2020-10-13,12109.25,12249.0,12018.0,12114.75,1028168,
2020-10-14,12115.0,12177.75,11901.75,11961.0,940487,
2020-10-15,11960.5,11968.5,11737.0,11915.5,910780,
2020-10-16,11915.25,12021.75,11792.25,11793.25,741366,
2020-10-19,11872.75,11950.75,11592.0,11715.0,899157,
2020-10-20,11715.25,11792.0,11598.75,11703.75,913415,
2020-10-21,11704.25,11779.25,11581.25,11625.25,940705,
2020-10-22,11625.0,11723.75,11511.0,11664.75,894262,
2020-10-23,11664.25,11691.5,11550.5,11669.5,717641,
2020-10-26,11627.0,11695.75,11343.25,11489.25,929723,
2020-10-27,11489.5,11623.0,11482.75,11537.75,800744,
2020-10-28,11538.25,11566.5,11124.0,11189.25,1051601,
2020-10-29,11189.0,11457.75,11145.0,11214.25,958848,
2020-10-30,11214.0,11281.25,10944.25,11087.25,1342532,
2020-11-02,10999.25,11212.0,10942.25,11087.75,1093616,
2020-11-03,11088.0,11347.25,11066.25,11318.0,932845,
2020-11-04,11317.75,11845.25,11230.0,11795.75,1333534,
2020-11-05,11795.25,12118.5,11771.25,12067.5,1092851,
2020-11-06,12067.0,12109.0,11869.5,12095.5,1258774,
2020-11-09,12233.0,12408.0,11812.75,11855.0,1571270,
2020-11-10,11855.75,11893.75,11503.0,11598.25,1851319,
2020-11-11,11597.75,11919.5,11575.0,11897.25,1105847,
2020-11-12,11896.5,11975.0,11775.75,11852.25,1082839,
2020-11-13,11853.5,11952.75,11801.75,11947.0,873421,
2020-11-16,12046.5,12093.0,11853.25,12049.5,882013,
2020-11-17,12050.0,12058.5,11954.25,11980.0,865096,
2020-11-18,11980.25,12027.75,11862.5,11881.25,915576,
2020-11-19,11881.25,12000.0,11804.5,11938.25,847383,
2020-11-20,11938.0,12021.5,11873.25,11912.0,713308,
2020-11-23,11932.0,12001.75,11808.25,11952.75,780302,
2020-11-24,11952.5,12128.25,11872.5,12127.0,673668,
2020-11-25,12126.5,12187.0,12078.5,12180.5,640940,
2020-11-26,12180.5,12222.5,12126.5,12155.5,137586,
2020-11-27,12155.5,12307.75,12137.0,12274.5,378962,
2020-11-30,12317.75,12350.5,12085.75,12349.75,932580,
2020-12-01,12349.75,12512.5,12334.0,12451.75,947676,
2020-12-02,12451.75,12486.0,12313.75,12467.0,852967,
2020-12-03,12466.75,12540.25,12443.5,12486.0,714377,
2020-12-04,12486.5,12535.5,12448.5,12511.0,588089,
2020-12-07,12545.25,12612.25,12475.0,12576.0,633000,
2020-12-08,12575.75,12674.75,12502.5,12648.0,721319,
2020-12-09,12648.25,12665.75,12306.5,12364.0,1244395,
2020-12-10,12364.0,12449.0,12218.0,12404.0,1051432,
2020-12-11,12405.0,12414.5,12234.25,12368.25,391889,
2020-12-14,12417.75,12549.75,12388.75,12480.25,573873,
2020-12-15,12481.0,12611.5,12423.5,12595.75,626764,
2020-12-16,12595.75,12704.75,12571.25,12683.5,567737,
2020-12-17,12683.5,12766.75,12672.0,12750.75,551206,
2020-12-18,12750.75,12789.25,12610.0,12749.0,747146,
2020-12-21,12749.5,12775.0,12461.0,12702.0,1055918,
2020-12-22,12702.25,12760.0,12593.75,12721.0,845842,
2020-12-23,12720.75,12739.0,12621.5,12655.5,597991,
2020-12-24,12655.75,12724.0,12631.5,12704.75,282466,
2020-12-28,12735.0,12855.75,12725.25,12852.5,516995,
2020-12-29,12852.5,12918.25,12807.75,12845.25,675208,
2020-12-30,12846.25,12909.75,12820.5,12849.25,487357,
2020-12-31,12850.0,12895.5,12796.25,12885.0,372700,
2021-01-04,12864.5,12960.0,12522.0,12675.5,910435,
2021-01-05,12675.25,12810.0,12611.75,12795.5,790064,
2021-01-06,12795.25,12844.5,12491.25,12673.5,1327034,
2021-01-07,12673.25,12958.75,12656.5,12939.0,787396,
2021-01-08,12939.25,13125.25,12927.5,13125.25,945335,
2021-01-11,13082.25,13095.75,12872.0,12922.75,819338,
2021-01-12,12923.0,12959.0,12767.0,12897.5,686761,
2021-01-13,12897.75,13003.0,12820.5,12970.75,588938,
2021-01-14,12971.25,13028.75,12880.75,12917.75,625455,
2021-01-15,12917.25,12930.75,12743.25,12764.5,769568,
2021-01-18,12746.25,12835.25,12727.0,12832.25,153072,
2021-01-19,12832.0,13056.25,12831.75,13050.5,697278,
2021-01-20,13050.25,13327.25,13018.0,13315.25,633211,
2021-01-21,13314.75,13423.75,13283.0,13384.5,672924,
2021-01-22,13384.0,13396.0,13300.0,13352.5,628286,
2021-01-25,13398.75,13555.0,13189.0,13462.75,1107987,
2021-01-26,13462.25,13599.75,13380.75,13560.0,868135,
2021-01-27,13560.25,13573.0,12882.5,12978.75,1303612,
2021-01-28,12979.0,13394.0,12906.25,13137.5,1198668,
2021-01-29,13137.75,13166.25,12830.0,12871.5,1697036,
2021-02-01,12794.5,13276.5,12783.5,13262.0,1017833,
2021-02-02,13261.5,13515.0,13231.5,13488.25,792674,
2021-02-03,13488.75,13584.25,13387.0,13444.0,835725,
2021-02-04,13444.0,13572.0,13345.75,13553.75,635026,
2021-02-05,13553.0,13638.5,13519.25,13603.75,597420,
2021-02-08,13639.25,13698.0,13596.0,13681.5,619150,
2021-02-09,13682.0,13735.25,13634.0,13687.5,587423,
2021-02-10,13687.75,13769.25,13517.25,13653.75,972392,
2021-02-11,13654.0,13744.0,13613.5,13731.0,812496,
2021-02-12,13731.5,13822.5,13646.0,13821.75,563146,
2021-02-15,13826.25,13879.25,13823.0,13858.0,88616,
2021-02-16,13857.75,13900.75,13715.75,13731.5,789682,
2021-02-17,13731.0,13785.5,13543.0,13703.0,858842,
2021-02-18,13704.0,13724.75,13468.75,13615.5,940659,
2021-02-19,13615.5,13729.0,13534.25,13572.0,894808,
2021-02-22,13592.0,13629.0,13215.0,13228.5,1132075,
2021-02-23,13228.5,13335.75,12757.5,13169.0,1589278,
2021-02-24,13168.75,13339.0,12958.0,13328.0,1281002,
2021-02-25,13328.5,13354.25,12756.25,12778.25,1908615,
2021-02-26,12778.25,13089.75,12663.25,12912.0,1848654,
2021-03-01,13004.25,13328.0,12996.75,13318.25,1006911,
2021-03-02,13318.0,13326.0,13048.0,13094.5,1084915,
2021-03-03,13094.75,13191.0,12582.75,12594.0,1471380,
2021-03-04,12593.25,12797.0,12306.25,12407.0,2093999,
2021-03-05,12406.5,12697.75,12207.5,12659.25,1768240,
2021-03-08,12670.75,12715.75,12283.75,12371.25,1735361,
2021-03-09,12371.0,12867.25,12325.5,12809.5,1197948,
2021-03-10,12809.75,12993.0,12704.25,12770.5,1459453,
2021-03-11,12770.25,13119.5,12724.25,13069.5,1130817,
2021-03-12,13069.0,13095.0,12767.75,12934.25,638853,
2021-03-15,12960.25,13099.0,12872.75,13064.0,300932,
2021-03-16,13064.0,13296.75,13056.75,13158.25,243370,
2021-03-17,13148.25,13271.0,12934.25,13222.5,1272973,
2021-03-18,13222.75,13266.75,12762.0,12783.75,1282893,
2021-03-19,12783.25,12898.0,12681.75,12825.75,1308082,
2021-03-22,12862.5,13157.0,12819.5,13085.75,928797,
2021-03-23,13085.5,13172.0,12978.75,13029.0,1211621,
2021-03-24,13029.25,13145.0,12781.5,12804.75,1190916,
2021-03-25,12805.25,12859.5,12609.75,12800.25,1508218,
2021-03-26,12800.25,12988.5,12675.75,12961.25,1220741,
2021-03-29,12920.25,13002.75,12807.0,12978.75,1352826,
2021-03-30,12978.25,12978.25,12776.75,12895.0,1106365,
2021-03-31,12895.25,13158.25,12860.25,13121.25,829288,
2021-04-01,13121.5,13349.5,13104.25,13345.75,805590,
2021-04-02,13345.75,13390.75,13340.75,13349.25,73449,
2021-04-05,13351.5,13622.5,13311.25,13616.5,660917,
2021-04-06,13616.0,13654.25,13524.5,13594.5,876016,
2021-04-07,13594.0,13653.75,13513.0,13638.25,798263,
2021-04-08,13638.75,13802.25,13629.0,13802.25,775991,
2021-04-09,13802.25,13841.0,13648.5,13809.0,815253,
2021-04-12,13779.0,13833.0,13731.75,13817.5,763497,
2021-04-13,13817.5,13993.75,13772.5,13967.0,781633,
2021-04-14,13967.0,14029.0,13772.75,13811.75,1051221,
2021-04-15,13812.0,14034.25,13789.5,14010.5,789023,
2021-04-16,14010.25,14059.0,13953.0,14022.25,774220,
2021-04-19,13990.75,14052.5,13821.0,13917.25,1162485,
2021-04-20,13917.5,13933.75,13719.0,13746.0,1186935,
2021-04-21,13746.0,13926.75,13700.25,13883.25,881297,
2021-04-22,13884.0,13944.0,13701.75,13759.5,1193421,
2021-04-23,13759.5,13981.25,13738.0,13905.5,774684,
2021-04-26,13910.75,14038.0,13865.75,14027.5,678788,
2021-04-27,14027.0,14050.0,13912.75,13963.0,709165,
2021-04-28,13963.0,13993.5,13878.0,13972.0,816850,
2021-04-29,13971.75,14064.0,13818.25,13915.75,1075835,
2021-04-30,13915.75,13957.0,13819.5,13865.75,934042,
2021-05-03,13880.25,13947.5,13763.0,13769.25,776612,
2021-05-04,13769.0,13777.5,13380.75,13524.75,1202078,
2021-05-05,13524.75,13665.5,13462.5,13500.5,942134,
2021-05-06,13499.75,13621.0,13389.0,13612.0,1205734,
2021-05-07,13612.25,13818.0,13588.25,13717.5,997722,
2021-05-10,13739.0,13751.75,13302.25,13334.5,1086175,
2021-05-11,13333.75,13375.75,13065.5,13337.5,1825150,
2021-05-12,13338.0,13352.0,12959.75,13015.75,1718120,
2021-05-13,13015.75,13225.0,12914.75,13112.0,1610283,
2021-05-14,13112.0,13426.0,13104.5,13400.0,1022128,
2021-05-17,13393.5,13398.75,13182.5,13329.5,1052309,
2021-05-18,13329.5,13433.0,13165.5,13170.75,863802,
2021-05-19,13171.0,13242.75,12954.25,13185.75,1404277,
2021-05-20,13185.75,13524.0,13151.25,13519.5,923372,
2021-05-21,13520.0,13569.75,13395.5,13411.75,872095,
2021-05-24,13367.25,13686.25,13362.0,13656.75,564380,
2021-05-25,13657.0,13738.5,13606.5,13695.25,715641,
2021-05-26,13694.75,13728.25,13656.0,13708.0,605941,
2021-05-27,13707.75,13720.75,13620.25,13703.25,715229,
2021-05-28,13703.25,13763.25,13662.5,13684.5,565887,
2021-05-31,13712.75,13718.0,13651.5,13686.25,94135,
2021-06-01,13686.0,13773.0,13592.75,13634.5,697885,
2021-06-02,13634.5,13712.5,13603.0,13686.75,571065,
2021-06-03,13686.5,13707.0,13462.25,13504.25,901881,
2021-06-04,13503.75,13784.0,13467.75,13764.25,633360,
2021-06-07,13767.5,13834.5,13691.5,13823.0,592383,
2021-06-08,13822.75,13916.75,13742.0,13817.25,743738,
2021-06-09,13817.75,13904.0,13806.5,13815.25,600131,
2021-06-10,13815.0,13980.0,13726.5,13968.0,700310,
2021-06-11,13968.0,13998.5,13931.75,13993.25,252614,
2021-06-14,14010.0,14125.75,13957.0,14106.5,400753,
2021-06-15,14107.0,14155.25,14000.5,14031.5,577613,
2021-06-16,14031.75,14095.5,13830.0,13886.75,753616,
2021-06-17,13887.0,14199.25,13842.0,14175.75,913512,
2021-06-18,14176.0,14205.75,14010.0,14018.0,833873,
2021-06-21,14037.75,14149.0,13958.75,14135.0,779657,
2021-06-22,14134.75,14279.25,14066.25,14272.5,621040,
2021-06-23,14272.25,14316.75,14231.75,14286.25,585988,
2021-06-24,14286.0,14422.0,14284.75,14346.5,607885,
2021-06-25,14347.25,14394.25,14313.25,14331.25,587611,
2021-06-28,14355.0,14519.5,14333.25,14491.75,467299,
2021-06-29,14492.0,14591.0,14468.75,14587.75,543481,
2021-06-30,14587.75,14599.0,14518.0,14560.5,547695,
2021-07-01,14560.5,14606.5,14470.75,14533.0,598050,
2021-07-02,14533.25,14728.75,14513.5,14700.5,539928,
2021-07-05,14714.75,14718.75,14674.75,14714.25,89331,
2021-07-06,14714.5,14789.75,14625.25,14764.75,749978,
2021-07-07,14764.5,14883.75,14726.25,14810.25,842305,
2021-07-08,14810.5,14821.75,14540.0,14692.0,1005740,
2021-07-09,14691.75,14832.0,14640.5,14814.5,685958,
2021-07-12,14829.25,14888.75,14785.25,14879.75,558680,
2021-07-13,14879.75,14994.5,14794.25,14845.0,828445,
2021-07-14,14844.25,14996.0,14841.0,14904.25,813470,
2021-07-15,14903.75,14962.5,14708.25,14757.0,1019704,
2021-07-16,14757.0,14869.5,14657.25,14670.75,886325,
2021-07-19,14643.5,14666.75,14444.25,14590.0,1309039,
2021-07-20,14590.25,14782.25,14516.75,14743.5,867652,
2021-07-21,14742.75,14846.5,14666.75,14836.0,778140,
2021-07-22,14835.75,14984.75,14829.0,14971.25,858976,
2021-07-23,14971.5,15117.5,14934.25,15093.0,799884,
2021-07-26,15121.75,15134.25,15038.75,15112.0,679032,
2021-07-27,15112.0,15131.5,14774.5,14920.75,1010408,
2021-07-28,14920.5,15074.75,14893.25,14988.75,1003695,
2021-07-29,14989.0,15084.0,14862.25,14870.5,737037,
2021-07-30,14871.0,14979.75,14811.5,14967.25,795929,
2021-08-02,15002.0,15056.0,14932.5,14961.25,737898,
2021-08-03,14962.0,15050.0,14848.75,15031.0,886968,
2021-08-04,15030.75,15108.0,14996.75,15083.75,738019,
2021-08-05,15083.25,15172.25,15069.5,15160.5,553771,
2021-08-06,15160.5,15169.5,15047.5,15092.75,692705,
2021-08-09,15021.75,15146.0,15012.25,15118.75,615170,
2021-08-10,15118.5,15157.25,14994.75,15035.5,753757,
2021-08-11,15035.5,15119.0,14963.0,14995.75,830915,
2021-08-12,14995.25,15090.5,14941.0,15067.75,637135,
2021-08-13,15067.75,15141.5,15055.25,15123.75,459503,
2021-08-16,15114.0,15139.0,14917.0,15130.5,764268,
2021-08-17,15130.0,15132.0,14897.0,14957.0,960508,
2021-08-18,14956.75,15037.0,14806.5,14845.5,899772,
2021-08-19,14845.25,14999.0,14711.0,14916.75,1141310,
2021-08-20,14917.0,15100.0,14851.75,15095.0,711521,
2021-08-23,15107.5,15338.0,15103.25,15329.5,653964,
2021-08-24,15329.75,15384.0,15309.25,15357.75,539809,
2021-08-25,15357.5,15397.0,15333.0,15361.75,578027,
2021-08-26,15361.75,15364.75,15255.5,15278.25,784477,
2021-08-27,15278.0,15443.75,15265.5,15428.0,667944,
2021-08-30,15452.5,15617.75,15420.0,15598.25,553423,
2021-08-31,15598.75,15677.25,15514.0,15597.0,733602,
2021-09-01,15596.75,15698.0,15577.75,15618.5,633290,
2021-09-02,15619.0,15682.25,15551.25,15597.0,681654,
2021-09-03,15597.0,15677.5,15552.0,15653.5,648130,
2021-09-06,15650.5,15708.75,15642.0,15689.25,87701,
2021-09-07,15688.75,15701.5,15607.0,15662.0,683850,
2021-09-08,15662.5,15691.0,15523.5,15600.0,862486,
2021-09-09,15600.25,15676.5,15545.75,15564.0,802312,
2021-09-10,15563.75,15667.5,15433.5,15443.5,432992,
2021-09-13,15484.5,15557.5,15343.25,15445.25,816649,
2021-09-14,15444.75,15523.75,15344.25,15407.0,734721,
2021-09-15,15406.75,15514.5,15308.0,15501.75,700574,
2021-09-16,15501.75,15533.0,15359.0,15481.5,682177,
2021-09-17,15481.5,15528.25,15276.0,15285.0,852892,
2021-09-20,15325.5,15338.0,14807.5,15028.75,1202455,
2021-09-21,15029.0,15163.5,14963.75,14973.0,999664,
2021-09-22,14972.75,15227.0,14929.25,15191.75,879708,
2021-09-23,15191.5,15346.75,15175.5,15304.5,678667,
2021-09-24,15304.5,15334.0,15176.75,15317.25,651751,
2021-09-27,15319.0,15399.5,15084.0,15168.5,793860,
2021-09-28,15169.0,15192.25,14740.75,14801.75,1288903,
2021-09-29,14801.5,14926.25,14711.0,14789.25,1266950,
2021-09-30,14788.75,14884.0,14670.0,14714.5,1249420,
2021-10-01,14714.0,14818.0,14537.0,14779.5,1355839,
2021-10-04,14815.0,14818.5,14367.75,14485.75,1592183,
2021-10-05,14486.5,14754.5,14410.0,14637.75,997247,
2021-10-06,14638.0,14829.75,14422.25,14809.0,1430774,
2021-10-07,14809.25,15001.25,14798.75,14924.5,874705,
2021-10-08,14924.25,14998.0,14791.0,14804.5,1055226,
2021-10-11,14717.0,14896.75,14664.25,14684.75,906471,
2021-10-12,14684.75,14783.25,14585.5,14604.75,1139761,
2021-10-13,14605.5,14809.75,14591.5,14804.25,1067189,
2021-10-14,14804.0,15077.75,14802.25,15071.25,716481,
2021-10-15,15071.25,15145.0,15020.75,15145.0,656448,
2021-10-18,15082.0,15300.0,15038.5,15292.0,670035,
2021-10-19,15292.25,15428.5,15275.25,15409.25,678543,
2021-10-20,15409.5,15446.75,15319.25,15335.25,684914,
2021-10-21,15335.25,15483.75,15300.75,15391.75,665690,
2021-10-22,15392.0,15463.75,15273.75,15324.0,935415,
2021-10-25,15306.0,15545.75,15304.75,15539.0,648432,
2021-10-26,15539.75,15701.0,15502.75,15560.0,920328,
2021-10-27,15560.25,15717.25,15507.25,15626.25,832891,
2021-10-28,15626.5,15777.75,15591.25,15672.25,774154,
2021-10-29,15672.75,15869.0,15595.0,15869.0,814831,
2021-11-01,15880.5,15914.75,15768.75,15876.25,669831,
2021-11-02,15876.5,15980.25,15849.5,15942.75,768454,
2021-11-03,15943.0,16187.0,15935.0,16186.0,825115,
2021-11-04,16185.25,16378.5,16152.75,16340.25,923257,
2021-11-05,16340.0,16448.5,16292.25,16343.25,1039812,
2021-11-08,16312.75,16394.25,16272.0,16310.75,893353,
2021-11-09,16310.75,16391.75,16160.0,16185.75,1212240,
2021-11-10,16185.5,16243.0,15897.75,15990.5,1339333,
2021-11-11,15990.75,16113.5,15980.5,16064.5,828521,
2021-11-12,16064.75,16213.5,16001.75,16201.75,785720,
2021-11-15,16227.0,16276.5,16082.75,16189.75,888178,
2021-11-16,16189.75,16323.75,16142.5,16305.25,755041,
2021-11-17,16305.25,16398.75,16269.75,16329.5,772696,
2021-11-18,16329.25,16509.25,16303.75,16496.0,880566,
2021-11-19,16495.75,16628.5,16492.75,16588.25,831219,
2021-11-22,16588.75,16767.5,16364.75,16396.75,1071487,
2021-11-23,16397.5,16418.75,16118.5,16286.5,1480693,
2021-11-24,16287.0,16368.5,16102.0,16357.75,1084139,
2021-11-25,16358.0,16435.75,16356.75,16371.0,171774,
2021-11-26,16370.25,16373.0,15988.0,16044.75,1164308,
2021-11-29,16169.25,16441.0,16166.75,16431.0,1097096,
2021-11-30,16431.0,16456.5,16068.25,16224.75,1686713,
2021-12-01,16223.75,16427.75,15826.5,15948.5,1472856,
2021-12-02,15948.75,16066.5,15763.25,15937.5,1742256,
2021-12-03,15936.75,16121.75,15538.0,15686.0,1482511,
2021-12-06,15738.75,15897.0,15559.25,15842.5,1325133,
2021-12-07,15842.5,16375.0,15825.0,16343.0,904671,
2021-12-08,16343.0,16436.0,16251.5,16377.75,859955,
2021-12-09,16377.75,16420.0,16120.25,16175.0,973693,
2021-12-10,16174.75,16336.0,16127.5,16318.25,484934,
2021-12-13,16361.5,16413.75,16063.5,16090.75,865978,
2021-12-14,16091.0,16133.0,15734.5,15914.25,1078312,
2021-12-15,15914.25,16338.0,15740.25,16323.5,1420229,
2021-12-16,16323.25,16457.0,15792.75,15838.75,1358656,
2021-12-17,15839.0,15956.75,15651.0,15830.0,1509607,
2021-12-20,15707.25,15732.75,15491.75,15720.25,1193509,
2021-12-21,15720.5,15995.0,15605.25,15960.0,998467,
2021-12-22,15960.25,16195.0,15882.25,16185.0,830259,
2021-12-23,16185.25,16355.75,16145.25,16302.5,581894,
2021-12-27,16342.25,16580.75,16304.5,16554.75,554008,
2021-12-28,16555.0,16658.5,16453.25,16539.25,785045,
2021-12-29,16538.75,16564.0,16387.75,16463.25,653479,
2021-12-30,16462.75,16567.5,16411.25,16438.25,557315,
2021-12-31,16437.75,16464.0,16313.25,16333.5,546010,
2022-01-03,16384.25,16509.5,16291.5,16484.0,864953,
2022-01-04,16484.25,16564.0,16139.75,16233.0,971657,
2022-01-05,16233.25,16259.0,15712.0,15784.5,1310966,
2022-01-06,15784.5,15895.75,15598.5,15817.5,1467841,
2022-01-07,15817.25,15853.25,15510.25,15572.75,1374479,
2022-01-10,15559.75,15668.75,15152.5,15627.75,1865102,
2022-01-11,15627.75,15842.0,15474.5,15820.75,1462567,
2022-01-12,15820.75,16009.5,15762.5,15893.0,1460594,
2022-01-13,15892.75,15979.25,15458.25,15498.0,1516854,
2022-01-14,15497.75,15620.0,15312.25,15619.75,1643836,
2022-01-17,15582.5,15636.25,15507.5,15588.25,328013,
2022-01-18,15587.75,15602.75,15170.75,15193.75,1655726,
2022-01-19,15194.25,15372.25,14993.25,15005.5,1907317,
2022-01-20,15005.25,15340.5,14646.75,14744.75,1613605,
2022-01-21,14744.75,14858.5,14408.25,14412.5,2334116,
2022-01-24,14550.0,14579.75,13706.25,14480.5,3004362,
2022-01-25,14481.25,14490.0,13890.0,14192.25,2511648,
2022-01-26,14192.5,14642.25,13976.75,14267.75,2256939,
2022-01-27,14267.0,14409.75,13845.25,14096.75,2134306,
2022-01-28,14095.75,14442.5,13830.75,14429.5,2084604,
2022-01-31,14397.0,14914.5,14367.25,14869.75,1453108,
2022-02-01,14870.25,15138.0,14729.25,15120.75,1510633,
2022-02-02,15120.25,15261.5,14755.75,14765.5,1491721,
2022-02-03,14766.25,14870.0,14456.5,14762.75,1543597,
2022-02-04,14763.25,14825.75,14363.25,14645.0,1769904,
2022-02-07,14710.25,14806.5,14511.25,14610.75,1373974,
2022-02-08,14610.5,14787.75,14467.75,14778.25,1275513,
2022-02-09,14778.0,15068.0,14745.75,15043.25,1029748,
2022-02-10,15043.25,15052.25,14622.0,14661.0,1821989,
2022-02-11,14660.5,14766.75,14181.0,14252.75,1855044,
2022-02-14,14247.75,14394.0,14030.75,14297.25,1770329,
2022-02-15,14297.25,14615.0,14223.25,14563.5,1318659,
2022-02-16,14563.25,14668.5,14381.0,14572.25,1249749,
2022-02-17,14572.75,14600.25,14133.5,14173.0,1380713,
2022-02-18,14173.75,14299.0,13906.0,13993.75,1709454,
2022-02-21,13851.75,14157.0,13592.25,13680.25,845641,
2022-02-22,13680.5,14108.75,13613.5,13972.25,1891576,
2022-02-23,13973.0,14069.0,13457.25,13500.0,1819010,
2022-02-24,13499.75,13983.5,13025.75,13859.75,3075892,
2022-02-25,13859.5,14198.0,13759.25,14191.25,1837334,
2022-02-28,13854.5,14292.5,13753.75,14256.5,1907543,
2022-03-01,14257.5,14327.5,13900.0,14052.25,1742956,
2022-03-02,14052.25,14293.25,13912.0,14205.25,1448208,
2022-03-03,14206.5,14391.25,13955.0,14079.75,1230357,
2022-03-04,14080.5,14086.0,13733.5,13802.75,1540794,
2022-03-07,13583.25,13879.75,13252.5,13270.0,1566586,
2022-03-08,13270.25,13666.25,13105.25,13251.25,2211682,
2022-03-09,13250.5,13822.5,13223.0,13747.5,1386171,
2022-03-10,13747.25,13765.25,13396.25,13596.75,1380970,
2022-03-11,13596.0,13861.5,13282.0,13306.75,705089,
2022-03-14,13371.0,13446.5,13013.0,13108.0,513149,
2022-03-15,13108.75,13489.0,12943.0,13456.5,442261,
2022-03-16,13453.75,14025.75,13417.0,13978.25,1329538,
2022-03-17,13978.0,14132.5,13819.0,14023.5,1076797,
2022-03-18,14023.75,14441.25,13967.25,14434.5,1034667,
2022-03-21,14405.0,14466.75,14183.75,14340.75,1183854,
2022-03-22,14340.75,14692.0,14292.5,14666.75,1072112,
2022-03-23,14666.0,14682.75,14441.5,14474.0,1187327,
2022-03-24,14474.5,14775.0,14433.25,14750.0,1093029,
2022-03-25,14750.25,14841.25,14572.5,14752.5,1131355,
2022-03-28,14720.5,14996.5,14658.75,14973.0,1053722,
2022-03-29,14973.5,15269.0,14956.25,15221.5,1117338,
2022-03-30,15221.75,15262.5,15012.0,15103.75,1002689,
2022-03-31,15104.25,15181.0,14855.5,14912.5,1055960,
2022-04-01,14912.75,14959.25,14725.5,14853.25,1044285,
2022-04-04,14819.0,15174.0,14802.0,15152.0,758868,
2022-04-05,15152.0,15199.25,14780.0,14834.75,1004042,
2022-04-06,14835.25,14844.75,14395.5,14448.5,1460215,
2022-04-07,14448.25,14634.0,14318.25,14565.75,1291457,
2022-04-08,14565.5,14642.5,14310.5,14328.25,1147363,
2022-04-11,14314.25,14314.25,13974.25,13982.75,1098661,
2022-04-12,13982.5,14284.0,13880.0,13996.75,1369556,
2022-04-13,13996.25,14266.75,13921.5,14217.0,1077781,
2022-04-14,14217.25,14296.0,13876.0,13894.0,1032436,
2022-04-18,13736.5,14019.5,13731.75,14017.25,1029613,
2022-04-19,14016.5,14240.75,13828.0,14079.25,1088618,
2022-04-20,14079.25,14298.0,13958.25,14083.5,1226566,
2022-04-21,14083.0,14283.0,13667.25,13682.0,1376031,
2022-04-22,13682.25,13779.0,13295.75,13308.0,1546840,
2022-04-25,13328.0,13550.0,13183.75,13525.0,1816321,
2022-04-26,13524.75,13584.5,12803.0,12997.0,1627847,
2022-04-27,12997.5,13255.0,12930.5,13173.75,1894890,
2022-04-28,13174.0,13542.25,13033.5,13248.25,1694064,
2022-04-29,13248.0,13433.5,12831.75,12892.5,1588344,
2022-05-02,12881.25,13084.5,12709.5,13057.25,1800855,
2022-05-03,13056.5,13184.0,12968.0,13120.5,1450362,
2022-05-04,13118.75,13555.25,12882.0,13512.0,1403485,
2022-05-05,13512.25,13547.75,12704.0,12884.0,1849429,
2022-05-06,12885.0,12929.25,12519.25,12663.5,1989929,
2022-05-09,12577.0,12623.75,12131.5,12235.25,1784712,
2022-05-10,12235.0,12547.25,12101.75,12339.25,2226012,
2022-05-11,12339.25,12553.75,11938.5,12009.0,2081250,
2022-05-12,12008.75,12132.75,11689.25,12023.25,2113196,
2022-05-13,12022.75,12432.0,12007.0,12363.5,1417973,
2022-05-16,12468.5,12471.5,12189.75,12267.75,1655632,
2022-05-17,12268.0,12593.5,12252.5,12563.0,1500192,
2022-05-18,12562.5,12574.0,11821.5,11826.75,1667979,
2022-05-19,11826.75,12077.0,11704.25,11933.75,2055426,
2022-05-20,11934.75,12096.5,11491.25,11841.0,1838744,
2022-05-23,11972.0,12075.5,11783.75,11888.25,1755190,
2022-05-24,11888.5,11898.0,11576.25,11854.0,1783695,
2022-05-25,11853.75,12033.25,11671.0,11892.5,1740443,
2022-05-26,11892.0,12343.5,11848.5,12290.0,1326291,
2022-05-27,12290.25,12723.75,12222.0,12723.0,1153782,
2022-05-30,12738.0,12882.5,12720.0,12815.0,366837,
2022-05-31,12815.25,12822.5,12480.0,12704.5,1636758,
2022-06-01,12704.75,12823.25,12454.75,12509.0,1480453,
2022-06-02,12509.5,12945.0,12442.25,12922.0,1196327,
2022-06-03,12921.5,12926.75,12503.0,12550.0,1317336,
2022-06-06,12549.5,12810.5,12531.0,12603.25,1101492,
2022-06-07,12603.5,12740.5,12412.0,12670.75,1089781,
2022-06-08,12671.5,12783.5,12579.0,12624.5,1204733,
2022-06-09,12624.75,12726.0,12255.5,12288.5,1426241,
2022-06-10,12288.25,12339.5,11822.75,11861.75,988595,
2022-06-13,11666.5,11668.0,11254.5,11341.0,983182,
2022-06-14,11341.5,11505.25,11204.75,11398.0,771216,
2022-06-15,11431.75,11794.25,11359.25,11725.5,1526506,
2022-06-16,11725.25,11774.0,11068.75,11193.25,1601702,
2022-06-17,11193.0,11396.25,11120.25,11321.5,1579330,
2022-06-20,11428.0,11443.5,11274.0,11424.75,445990,
2022-06-21,11424.0,11678.5,11410.5,11576.25,1112674,
2022-06-22,11576.0,11746.5,11320.5,11485.25,1481482,
2022-06-23,11484.75,11767.25,11482.5,11695.75,1525003,
2022-06-24,11695.5,12149.0,11684.25,12132.75,1183798,
2022-06-27,12093.25,12262.75,11994.25,12067.5,1498270,
2022-06-28,12066.75,12174.25,11661.5,11687.0,1563435,
2022-06-29,11686.75,11749.0,11564.0,11677.0,1438329,
2022-06-30,11676.75,11688.0,11350.75,11544.0,1687523,
2022-07-01,11543.75,11629.75,11381.75,11613.25,1501422,
2022-07-04,11570.5,11748.75,11501.0,11696.0,332236,
2022-07-05,11695.25,11866.0,11388.75,11783.5,1668144,
2022-07-06,11783.5,11974.0,11728.25,11898.25,1682946,
2022-07-07,11897.75,12168.75,11837.25,12104.75,1114020,
2022-07-08,12104.25,12211.0,11952.75,12161.25,1330271,
2022-07-11,12117.0,12124.0,11853.0,11903.25,1198432,
2022-07-12,11903.75,12025.5,11712.0,11773.5,1367902,
2022-07-13,11773.75,11998.0,11478.0,11676.0,1668088,
2022-07-14,11675.25,11866.75,11511.0,11862.25,1387880,
2022-07-15,11862.75,12021.75,11741.0,12019.5,1218295,
2022-07-18,12059.75,12186.75,11857.75,11940.25,1127087,
2022-07-19,11940.0,12405.0,11889.5,12312.75,1128009,
2022-07-20,12312.5,12517.5,12236.0,12435.75,1276403,
2022-07-21,12435.5,12655.5,12373.5,12547.75,1297084,
2022-07-22,12547.5,12697.0,12344.5,12427.0,1268860,
2022-07-25,12403.25,12498.75,12266.5,12298.25,1136744,
2022-07-26,12298.5,12334.0,12070.0,12280.0,1106461,
2022-07-27,12280.5,12690.0,12257.25,12577.0,1272292,
2022-07-28,12576.75,12948.0,12449.25,12892.75,1391153,
2022-07-29,12892.75,13012.5,12744.25,12974.5,1241847,
2022-08-01,12919.5,13108.5,12851.25,12950.75,1286500,
2022-08-02,12951.5,13097.0,12816.25,12903.0,1442567,
2022-08-03,12902.75,13310.5,12867.25,13234.25,1207556,
2022-08-04,13234.0,13356.0,13184.5,13333.25,1244191,
2022-08-05,13333.5,13385.0,13085.5,13214.75,1343835,
2022-08-08,13178.25,13419.5,13120.5,13220.75,1371211,
2022-08-09,13220.0,13226.75,12963.25,13052.75,1204242,
2022-08-10,13052.25,13408.0,12981.75,13399.0,1174380,
2022-08-11,13399.5,13575.75,13284.75,13335.75,1299560,
2022-08-12,13335.75,13583.0,13312.25,13580.5,994645,
2022-08-15,13541.0,13705.75,13495.75,13681.25,898046,
2022-08-16,13681.25,13740.5,13522.75,13652.0,1044394,
2022-08-17,13652.0,13673.25,13406.25,13455.5,1237853,
2022-08-18,13455.0,13575.5,13411.25,13527.25,1080682,
2022-08-19,13527.5,13532.75,13227.0,13249.75,1057091,
2022-08-22,13187.75,13222.5,12875.5,12955.75,1112679,
2022-08-23,12955.25,13019.0,12823.5,12895.5,1228354,
2022-08-24,12895.0,13012.0,12825.75,12934.5,1005453,
2022-08-25,12934.75,13183.0,12925.0,13144.5,1156870,
2022-08-26,13145.0,13220.0,12555.25,12558.25,1375069,
2022-08-29,12419.25,12610.0,12401.5,12532.5,1477402,
2022-08-30,12532.75,12659.0,12247.5,12366.25,1780306,
2022-08-31,12365.75,12513.0,12152.5,12177.75,1468371,
2022-09-01,12178.5,12319.5,12018.25,12298.75,1552625,
2022-09-02,12298.75,12462.0,12040.5,12129.75,1570922,
2022-09-05,12123.5,12185.75,12053.75,12148.25,361721,
2022-09-06,12148.0,12244.75,11930.0,12006.75,1561174,
2022-09-07,12006.25,12306.25,11922.25,12258.5,1332141,
2022-09-08,12258.75,12379.5,12117.0,12351.0,1476517,
2022-09-09,12350.75,12614.25,12345.75,12591.25,689667,
2022-09-12,12631.75,12783.0,12573.25,12762.25,603008,
2022-09-13,12762.75,12889.0,12002.75,12058.5,571748,
2022-09-14,12138.5,12267.75,12080.75,12248.0,1401543,
2022-09-15,12248.25,12260.0,11891.75,11915.5,1334155,
2022-09-16,11916.0,11960.0,11778.0,11958.0,1414573,
2022-09-19,11930.5,12078.75,11792.25,12078.25,1220206,
2022-09-20,12077.75,12092.5,11828.5,11927.0,1333258,
2022-09-21,11926.75,12139.0,11606.5,11612.5,1575000,
2022-09-22,11612.0,11795.75,11510.0,11587.25,1573785,
2022-09-23,11587.5,11600.0,11228.75,11388.0,1506744,
2022-09-26,11345.0,11537.75,11256.5,11348.75,1746710,
2022-09-27,11349.25,11568.0,11233.5,11347.0,1657939,
2022-09-28,11347.5,11612.5,11141.75,11533.75,1662719,
2022-09-29,11534.0,11566.25,11091.5,11265.0,1525133,
2022-09-30,11265.75,11357.0,11024.5,11056.5,1599620,
2022-10-03,10944.0,11357.75,10890.5,11344.0,1423008,
2022-10-04,11344.25,11676.25,11334.75,11620.75,1402508,
2022-10-05,11620.75,11711.0,11368.0,11699.25,1403300,
2022-10-06,11699.75,11730.0,11477.25,11498.75,1575664,
2022-10-07,11498.75,11577.0,11043.25,11096.25,1438859,
2022-10-10,11036.25,11136.5,10876.75,11014.5,1369039,
2022-10-11,11014.25,11039.75,10767.25,10865.0,1706451,
2022-10-12,10865.0,10976.75,10805.75,10869.25,1473279,
2022-10-13,10868.5,11142.25,10484.5,11064.75,2066690,
2022-10-14,11064.25,11253.75,10726.75,10748.75,1767917,
2022-10-17,10792.0,11218.25,10761.5,11211.25,1318622,
2022-10-18,11211.0,11431.75,11081.5,11343.75,1739567,
2022-10-19,11343.75,11377.75,11050.25,11089.0,1516785,
2022-10-20,11088.25,11329.0,10995.25,11020.5,1467531,
2022-10-21,11020.75,11386.25,10937.0,11379.25,1608586,
2022-10-24,11452.0,11515.5,11207.75,11474.5,1370645,
2022-10-25,11475.25,11732.75,11430.5,11469.0,1257419,
2022-10-26,11469.25,11703.5,11413.5,11498.75,1493966,
2022-10-27,11498.25,11537.75,10924.5,11135.0,1609174,
2022-10-28,11135.25,11627.0,11062.0,11626.75,1298513,
2022-10-31,11557.5,11581.5,11367.0,11468.75,1102643,
2022-11-01,11468.75,11619.0,11288.75,11332.75,1300305,
2022-11-02,11332.75,11459.75,10901.0,10919.25,1321764,
2022-11-03,10919.25,10995.75,10692.75,10710.75,1405284,
2022-11-04,10710.75,10974.25,10636.0,10874.75,1838777,
2022-11-07,10796.25,11038.5,10784.25,11024.75,1232928,
2022-11-08,11025.0,11231.5,10928.25,11125.25,1327174,
2022-11-09,11125.25,11164.75,10822.0,10844.75,1374951,
2022-11-10,10844.5,11684.75,10809.0,11675.0,1440484,
2022-11-11,11675.25,11876.75,11569.5,11835.25,1478264,
2022-11-14,11810.75,11898.5,11702.0,11767.0,1134195,
2022-11-15,11767.0,12118.5,11761.5,11898.75,1658477,
2022-11-16,11898.5,11962.25,11706.0,11780.0,1282902,
2022-11-17,11779.75,11828.25,11528.0,11719.75,1294615,
2022-11-18,11719.75,11844.0,11606.5,11709.5,1222968,
2022-11-21,11709.0,11714.5,11553.25,11594.0,973036,
2022-11-22,11594.25,11759.25,11525.5,11745.0,910910,
2022-11-23,11745.0,11898.25,11720.25,11888.5,910824,
2022-11-24,11888.5,11932.75,11873.75,11917.75,146262,
2022-11-25,11918.0,11919.75,11766.25,11784.0,384456,
2022-11-28,11726.25,11788.25,11574.75,11618.75,900086,
2022-11-29,11618.5,11704.25,11465.0,11503.25,1025759,
2022-11-30,11503.5,12087.5,11498.0,12073.0,1345551,
2022-12-01,12073.0,12144.75,11943.75,12040.0,1241832,
2022-12-02,12039.25,12068.0,11740.25,11979.75,1087803,
2022-12-05,12001.75,12009.5,11745.25,11819.25,935050,
2022-12-06,11820.0,11846.0,11502.0,11578.25,1125552,
2022-12-07,11578.75,11596.0,11423.25,11510.5,1197848,
2022-12-08,11510.5,11685.5,11434.25,11637.5,952959,
2022-12-09,11637.25,11748.0,11516.5,11553.0,900109,
2022-12-12,11536.0,11717.25,11523.0,11710.5,436311,
2022-12-13,11711.25,12228.25,11675.5,11839.0,587688,
2022-12-14,11959.25,12069.5,11728.75,11883.0,1030320,
2022-12-15,11883.5,11898.0,11404.0,11458.75,1114276,
2022-12-16,11458.75,11491.5,11275.5,11319.25,1101404,
2022-12-19,11352.75,11411.0,11131.5,11213.5,917557,
2022-12-20,11213.5,11247.25,11042.75,11223.25,1133448,
2022-12-21,11223.25,11389.75,11181.0,11352.75,957684,
2022-12-22,11352.75,11384.25,10870.5,11048.75,1042160,
2022-12-23,11048.5,11143.25,10915.75,11066.25,1019437,
2022-12-26,11101.75,11163.5,11101.75,11156.5,15596,
2022-12-27,11156.75,11184.0,10895.75,10913.0,838415,
2022-12-28,10913.5,10996.5,10758.25,10793.0,927601,
2022-12-29,10793.75,11071.5,10777.5,11022.5,768686,
2022-12-30,11022.75,11051.75,10855.5,11040.75,864714,
2023-01-02,11117.0,11151.0,11037.5,11052.75,24498,
2023-01-03,11052.25,11181.75,10844.25,10949.25,1062145,
2023-01-04,10949.0,11068.0,10863.25,10995.75,1217334,
2023-01-05,10995.75,11046.25,10804.75,10839.25,1113646,
2023-01-06,10839.5,11166.0,10751.0,11107.75,1275205,
2023-01-09,11143.5,11385.5,11120.25,11174.0,1069795,
2023-01-10,11174.0,11289.25,11094.25,11285.0,1175006,
2023-01-11,11284.75,11480.0,11239.5,11474.75,968451,
2023-01-12,11475.0,11580.0,11288.5,11524.5,1513528,
2023-01-13,11524.0,11619.25,11389.5,11601.25,1030203,
2023-01-16,11587.25,11638.25,11510.25,11585.5,225291,
2023-01-17,11585.25,11685.0,11530.0,11594.5,978292,
2023-01-18,11594.5,11759.5,11464.75,11479.25,1277244,
2023-01-19,11479.75,11486.5,11308.5,11383.75,1189421,
2023-01-20,11384.0,11686.0,11365.25,11676.25,1031379,
2023-01-23,11658.0,11983.0,11650.75,11918.5,1076561,
2023-01-24,11918.5,12010.0,11821.25,11840.0,1018842,
2023-01-25,11840.25,11917.75,11604.5,11907.25,1230943,
2023-01-26,11907.75,12113.25,11879.25,12039.75,1144201,
2023-01-27,12039.5,12308.0,12016.0,12219.75,1138933,
2023-01-30,12205.0,12224.0,11960.0,12002.25,1148477,
2023-01-31,12002.75,12156.0,11871.25,12103.25,1069532,
2023-02-01,12103.0,12559.75,12055.0,12545.25,1092402,
2023-02-02,12544.75,12950.0,12501.25,12663.5,1404048,
2023-02-03,12663.75,12877.75,12550.5,12616.75,1478712,
2023-02-06,12590.75,12608.75,12456.5,12536.25,1071546,
2023-02-07,12535.75,12818.75,12459.25,12750.25,1284426,
2023-02-08,12750.25,12809.0,12512.5,12561.25,1054167,
2023-02-09,12562.0,12729.5,12366.0,12435.0,1185544,
2023-02-10,12435.25,12446.25,12243.0,12336.75,1151312,
2023-02-13,12307.25,12567.75,12265.0,12539.0,890566,
2023-02-14,12539.25,12685.75,12390.5,12608.0,1519139,
2023-02-15,12607.5,12756.75,12524.25,12746.75,1061489,
2023-02-16,12746.75,12792.5,12421.0,12427.75,1206598,
2023-02-17,12427.75,12450.0,12265.5,12383.5,1103110,
2023-02-20,12359.5,12418.0,12346.75,12379.0,163223,
2023-02-21,12378.75,12379.5,12091.5,12114.5,887419,
2023-02-22,12114.25,12190.75,12034.25,12167.75,1077551,
2023-02-23,12167.0,12261.0,12028.0,12174.0,1011123,
2023-02-24,12173.75,12214.25,11922.75,11999.0,1018209,
2023-02-27,12017.25,12189.5,12003.75,12093.5,844593,
2023-02-28,12093.25,12173.75,12011.75,12022.25,917927,
2023-03-01,12022.25,12142.0,11925.0,11971.5,964357,
2023-03-02,11971.5,12096.25,11831.5,12037.25,979089,
2023-03-03,12036.5,12329.75,12012.25,12326.5,868224,
2023-03-06,12292.0,12485.75,12284.25,12330.5,892843,
2023-03-07,12330.5,12381.75,12142.25,12176.5,1075579,
2023-03-08,12176.5,12254.5,12108.5,12225.0,1022670,
2023-03-09,12225.5,12353.75,11955.0,11985.75,1212102,
2023-03-10,11985.75,12112.0,11796.5,11885.25,1648295,
2023-03-13,11990.0,12095.75,11677.0,11947.25,812402,
2023-03-14,11947.25,12223.0,11903.0,12196.25,357643,
2023-03-15,12325.75,12429.5,12093.25,12404.0,1306768,
2023-03-16,12403.5,12734.0,12314.0,12723.5,1180797,
2023-03-17,12723.0,12810.0,12569.0,12649.75,1261852,
2023-03-20,12707.25,12727.0,12525.5,12693.0,1139173,
2023-03-21,12692.0,12897.5,12676.25,12868.5,877479,
2023-03-22,12868.25,13081.75,12677.5,12718.75,1126364,
2023-03-23,12718.75,13031.5,12705.25,12865.0,1368544,
2023-03-24,12866.0,12925.25,12726.0,12924.25,1260065,
2023-03-27,12948.0,12976.25,12765.75,12822.5,961446,
2023-03-28,12822.75,12833.5,12634.75,12759.5,823008,
2023-03-29,12760.0,12993.0,12758.75,12943.0,823722,
2023-03-30,12944.0,13112.0,12931.25,13096.0,853588,
2023-03-31,13095.75,13311.5,13056.5,13308.5,807449,
2023-04-03,13240.0,13278.75,13154.25,13247.0,800612,
2023-04-04,13247.5,13348.75,13168.75,13240.75,906851,
2023-04-05,13240.25,13247.25,13006.0,13057.0,846533,
2023-04-06,13057.0,13191.25,12952.5,13159.5,881115,
2023-04-07,13159.75,13190.5,13126.0,13180.75,80410,
2023-04-10,13156.5,13174.5,12967.5,13172.25,757628,
2023-04-11,13171.75,13209.25,13051.75,13089.5,828519,
2023-04-12,13089.5,13241.0,12925.25,12931.5,1153187,
2023-04-13,12931.75,13228.5,12930.0,13191.75,845891,
2023-04-14,13191.75,13255.0,13056.0,13199.25,1006759,
2023-04-17,13187.0,13218.0,13077.0,13178.75,874002,
2023-04-18,13178.25,13298.5,13138.25,13175.0,914664,
2023-04-19,13174.25,13227.0,13065.0,13128.0,834506,
2023-04-20,13128.0,13199.75,13022.0,13082.25,964618,
2023-04-21,13081.5,13121.75,12982.75,13075.25,888798,
2023-04-24,13068.25,13134.0,12967.25,13049.5,832448,
2023-04-25,13049.0,13059.75,12801.0,12960.0,1023430,
2023-04-26,12960.25,13012.5,12863.0,12957.0,1048388,
2023-04-27,12957.0,13331.5,12936.0,13210.25,985560,
2023-04-28,13209.75,13336.75,13168.75,13327.0,935284,
2023-05-01,13307.0,13367.25,13258.75,13285.75,802782,
2023-05-02,13285.0,13334.5,13111.0,13182.25,933270,
2023-05-03,13182.25,13310.0,13043.0,13097.75,1032909,
2023-05-04,13098.0,13172.0,13001.75,13093.75,1005668,
2023-05-05,13093.75,13358.75,13076.25,13310.5,766272,
2023-05-08,13304.25,13368.0,13254.5,13337.0,667159,
2023-05-09,13336.75,13347.25,13249.25,13275.5,665995,
2023-05-10,13274.75,13448.0,13202.0,13421.75,1151021,
2023-05-11,13422.25,13472.0,13361.5,13454.75,946183,
2023-05-12,13454.75,13494.75,13310.0,13369.5,845326,
2023-05-15,13366.0,13479.0,13350.0,13458.25,716792,
2023-05-16,13457.75,13554.25,13426.25,13499.5,788738,
2023-05-17,13500.0,13669.25,13474.0,13643.25,801314,
2023-05-18,13643.25,13960.5,13628.25,13929.5,987607,
2023-05-19,13930.0,13942.75,13814.25,13841.5,891558,
2023-05-22,13853.25,13952.5,13824.25,13943.25,778978,
2023-05-23,13943.0,13977.25,13711.0,13748.5,873396,
2023-05-24,13748.0,13884.0,13566.75,13847.25,1001267,
2023-05-25,13847.5,14031.5,13823.0,13965.25,1110885,
2023-05-26,13965.0,14372.5,13924.75,14371.25,969289,
2023-05-29,14416.75,14446.0,14367.5,14386.25,157130,
2023-05-30,14386.5,14570.0,14336.25,14422.0,1054981,
2023-05-31,14422.75,14424.75,14252.5,14310.25,1030841,
2023-06-01,14310.5,14528.25,14248.0,14483.5,943814,
2023-06-02,14483.5,14627.75,14470.0,14586.75,952576,
2023-06-05,14537.0,14695.25,14512.75,14566.0,944043,
2023-06-06,14566.0,14624.0,14505.0,14595.25,824938,
2023-06-07,14595.0,14675.5,14305.5,14330.5,1113838,
2023-06-08,14329.5,14527.0,14257.0,14500.25,954299,
2023-06-09,14501.25,14688.0,14460.25,14563.25,978527,
2023-06-12,14592.25,14839.25,14577.5,14820.0,334690,
2023-06-13,14820.75,14968.25,14779.5,14921.0,314486,
2023-06-14,15105.0,15244.0,14976.0,15214.5,1065525,
2023-06-15,15214.75,15441.0,15066.25,15359.5,1030939,
2023-06-16,15359.5,15475.5,15258.75,15301.5,989082,
2023-06-19,15302.5,15306.25,15230.5,15248.75,177272,
2023-06-20,15248.25,15310.25,15126.25,15262.0,870457,
2023-06-21,15261.0,15273.0,15002.5,15041.0,945047,
2023-06-22,15041.0,15238.0,14964.0,15221.75,992649,
2023-06-23,15222.25,15222.75,14984.75,15055.5,990944,
2023-06-26,15100.5,15152.25,14853.5,14893.0,1034521,
2023-06-27,14892.75,15139.75,14863.0,15059.25,970816,
2023-06-28,15059.75,15218.75,15021.25,15172.25,1089350,
2023-06-29,15173.0,15202.75,15028.5,15116.75,985546,
2023-06-30,15116.5,15376.5,15099.75,15317.5,775035,
2023-07-03,15350.75,15392.0,15307.5,15337.75,421601,
2023-07-04,15337.5,15368.25,15334.5,15340.5,80444,
2023-07-05,15341.25,15431.75,15255.25,15358.0,789002,
2023-07-06,15358.5,15359.5,15112.0,15226.5,956908,
2023-07-07,15226.0,15359.75,15172.0,15191.75,1033156,
2023-07-10,15181.5,15219.75,15063.5,15192.5,1014991,
2023-07-11,15192.25,15280.75,15109.0,15264.75,932350,
2023-07-12,15264.25,15507.75,15254.5,15472.0,1076820,
2023-07-13,15471.75,15741.25,15470.0,15712.5,872642,
2023-07-14,15712.25,15857.5,15658.0,15692.5,981521,
2023-07-17,15666.5,15886.75,15662.0,15818.25,792520,
2023-07-18,15819.0,16030.0,15733.5,15961.25,956874,
2023-07-19,15961.0,16062.5,15841.25,15857.0,1115438,
2023-07-20,15857.5,15904.5,15547.5,15580.0,1191172,
2023-07-21,15580.5,15719.5,15522.25,15555.0,1137510,
2023-07-24,15549.25,15618.25,15484.5,15567.5,906067,
2023-07-25,15567.5,15739.5,15549.0,15637.75,855872,
2023-07-26,15638.0,15710.0,15515.0,15653.25,1084406,
2023-07-27,15653.25,15904.0,15512.5,15586.5,1357156,
2023-07-28,15587.5,15895.75,15546.5,15845.5,1139630,
2023-07-31,15886.75,15905.0,15791.25,15860.25,892187,
2023-08-01,15860.5,15889.0,15684.0,15753.0,912500,
2023-08-02,15753.5,15790.0,15413.25,15492.0,1248943,
2023-08-03,15491.75,15552.25,15339.25,15481.25,1211975,
2023-08-04,15481.0,15610.25,15336.5,15365.0,1381380,
2023-08-07,15401.75,15498.0,15334.5,15488.0,1052684,
2023-08-08,15487.75,15492.0,15216.25,15353.0,1059598,
2023-08-09,15353.0,15432.75,15145.0,15219.0,1122247,
2023-08-10,15218.5,15441.75,15136.0,15239.5,1457416,
2023-08-11,15240.0,15266.75,15037.25,15103.5,1121977,
2023-08-14,15138.0,15316.25,15020.0,15301.25,1050707,
2023-08-15,15301.0,15335.0,15076.0,15121.75,1159317,
2023-08-16,15122.25,15165.5,14921.75,14930.25,1132624,
2023-08-17,14930.0,15018.0,14730.25,14754.75,1194853,
2023-08-18,14754.25,14802.75,14609.25,14744.0,1298702,
2023-08-21,14778.75,15013.75,14720.5,14954.5,1100509,
2023-08-22,14954.5,15118.5,14931.0,14964.25,1137319,
2023-08-23,14964.5,15355.75,14958.0,15334.75,1043160,
2023-08-24,15334.75,15417.75,14816.75,14852.5,1506192,
2023-08-25,14852.5,15049.0,14752.75,14971.25,1568132,
2023-08-28,15010.0,15126.75,14973.25,15096.5,1161111,
2023-08-29,15097.0,15443.25,15050.0,15434.75,1021565,
2023-08-30,15434.5,15524.5,15361.25,15502.75,1110876,
2023-08-31,15503.0,15606.75,15458.5,15536.25,1119514,
2023-09-01,15536.75,15661.25,15453.5,15512.25,1055045,
2023-09-04,15516.5,15578.5,15511.0,15526.0,170177,
2023-09-05,15526.25,15587.0,15418.5,15521.75,996031,
2023-09-06,15522.0,15532.75,15310.5,15391.0,1021515,
2023-09-07,15390.25,15395.5,15157.5,15280.5,1159810,
2023-09-08,15280.75,15390.5,15222.75,15314.75,1019403,
2023-09-11,15323.25,15498.0,15297.75,15460.75,449781,
2023-09-12,15460.25,15480.75,15289.5,15310.5,284530,
2023-09-13,15505.5,15620.0,15406.25,15579.75,1071704,
2023-09-14,15579.25,15714.75,15531.0,15677.25,1113670,
2023-09-15,15677.5,15719.75,15356.75,15383.25,1174962,
2023-09-18,15413.0,15460.75,15330.5,15424.5,974333,
2023-09-19,15424.5,15442.5,15248.5,15383.5,1052337,
2023-09-20,15383.5,15436.5,15108.75,15113.75,1192513,
2023-09-21,15113.0,15134.75,14838.5,14851.5,1252285,
2023-09-22,14851.5,15027.25,14835.75,14877.0,1121177,
2023-09-25,14897.75,14956.0,14782.5,14932.0,1163021,
2023-09-26,14931.75,14933.0,14666.25,14739.25,1260619,
2023-09-27,14739.0,14821.25,14587.25,14774.5,1373234,
2023-09-28,14774.5,14948.0,14656.25,14867.5,1426395,
2023-09-29,14867.25,15060.75,14811.0,14892.0,1460046,
2023-10-02,14953.0,15046.25,14824.75,14993.75,1533967,
2023-10-03,14994.0,15031.0,14651.5,14716.25,1496435,
2023-10-04,14716.5,14955.75,14589.25,14915.0,1522097,
2023-10-05,14914.25,14958.75,14716.0,14851.75,1355930,
2023-10-06,14851.75,15160.5,14660.25,15141.5,1570989,
2023-10-09,15027.5,15212.75,14949.25,15199.25,1094368,
2023-10-10,15199.25,15383.5,15173.0,15287.5,1162108,
2023-10-11,15287.75,15417.5,15253.0,15415.25,1168248,
2023-10-12,15414.75,15469.5,15216.25,15330.0,1325399,
2023-10-13,15330.0,15367.0,15062.0,15106.75,1486930,
2023-10-16,15166.25,15338.0,15083.0,15290.75,1199240,
2023-10-17,15290.25,15309.25,15050.0,15211.0,1308174,
2023-10-18,15210.0,15228.75,14979.0,15037.75,1575661,
2023-10-19,15037.75,15138.0,14821.0,14843.25,1982187,
2023-10-20,14843.25,14887.75,14645.0,14648.25,1452234,
2023-10-23,14709.75,14854.25,14514.25,14762.75,1371427,
2023-10-24,14761.75,14950.0,14705.75,14815.25,1363224,
2023-10-25,14815.25,14817.0,14331.5,14350.25,1428851,
2023-10-26,14350.0,14459.25,14136.5,14314.75,1777672,
2023-10-27,14315.0,14407.5,14209.5,14271.0,1443312,
2023-10-30,14332.0,14476.25,14306.25,14398.0,1178656,
2023-10-31,14398.0,14503.5,14311.25,14453.25,1251212,
2023-11-01,14453.0,14796.75,14411.0,14792.75,1297249,
2023-11-02,14793.0,15015.75,14776.75,14943.0,1045074,
2023-11-03,14943.5,15228.5,14931.25,15184.5,1068885,
2023-11-06,15175.75,15257.5,15138.0,15208.75,850913,
2023-11-07,15208.75,15412.75,15175.75,15368.25,988328,
2023-11-08,15368.5,15417.75,15286.5,15358.0,941702,
2023-11-09,15358.0,15453.25,15223.75,15232.75,1245794,
2023-11-10,15232.75,15616.25,15207.0,15581.25,1080270,
2023-11-13,15560.5,15589.5,15465.25,15558.5,862895,
2023-11-14,15558.5,15918.75,15551.75,15904.75,1019454,
2023-11-15,15905.0,16049.0,15832.0,15865.0,1081641,
2023-11-16,15864.75,15907.25,15797.75,15885.75,1061211,
2023-11-17,15885.75,15940.0,15824.5,15874.0,866242,
2023-11-20,15864.25,16116.75,15837.5,16100.75,854343,
2023-11-21,16100.75,16122.5,15912.0,15954.25,868787,
2023-11-22,15954.5,16173.25,15942.75,16045.75,1061621,
2023-11-23,16045.75,16086.75,16038.75,16064.5,136610,
2023-11-24,16064.5,16071.5,15981.75,16010.75,404592,
2023-11-27,15986.75,16089.0,15938.75,16009.75,906402,
2023-11-28,16010.0,16071.5,15945.0,16053.25,1040316,
2023-11-29,16053.0,16207.75,16013.5,16047.0,1040226,
2023-11-30,16047.25,16098.0,15855.75,15964.5,1142482,
2023-12-01,15963.75,16050.0,15864.5,16031.0,1117288,
2023-12-04,15991.75,16003.25,15721.25,15849.5,1080010,
2023-12-05,15850.0,15961.75,15761.25,15928.0,1156588,
2023-12-06,15928.0,16039.0,15800.0,15816.5,1152932,
2023-12-07,15816.5,16065.75,15791.25,16020.0,1052414,
2023-12-08,16019.75,16119.0,15890.0,16092.5,1036141,
2023-12-11,16104.0,16249.75,16044.5,16241.25,486398,
2023-12-12,16241.5,16401.25,16185.0,16396.5,315877,
2023-12-13,16396.25,16607.0,16365.25,16605.5,219313,
2023-12-14,16816.25,16885.5,16627.25,16760.5,1096830,
2023-12-15,16760.25,16887.25,16747.0,16816.0,918886,
2023-12-18,16823.75,16974.25,16808.25,16924.25,727902,
2023-12-19,16924.0,17034.25,16911.0,17027.75,769731,
2023-12-20,17027.75,17073.5,16757.25,16811.75,1067555,
2023-12-21,16811.75,16971.25,16800.5,16942.0,1121197,
2023-12-22,16942.0,17041.25,16891.5,16962.5,840213,
2023-12-25,16963.5,17011.5,16963.5,17004.0,11857,
2023-12-26,17004.0,17111.5,16985.0,17089.5,510632,
2023-12-27,17089.5,17132.25,17055.5,17121.75,682004,
2023-12-28,17121.5,17165.5,17078.0,17100.75,617242,
2023-12-29,17100.25,17130.5,16937.75,17004.0,820173,
2024-01-01,17018.75,17037.0,17013.75,17029.75,9741,
2024-01-02,17029.75,17038.5,16622.0,16724.5,1065562,
2024-01-03,16724.75,16729.5,16522.25,16549.5,1155662,
2024-01-04,16549.5,16587.25,16435.75,16456.5,965530,
2024-01-05,16456.75,16577.0,16334.25,16466.0,1092589,
2024-01-08,16482.25,16811.5,16378.25,16785.25,874965,
2024-01-09,16785.0,16868.5,16658.5,16838.0,1023393,
2024-01-10,16838.0,16983.25,16801.75,16960.75,987282,
2024-01-11,16960.5,17056.0,16753.0,16951.75,1371361,
2024-01-12,16951.75,17042.5,16866.25,16955.0,1128013,
2024-01-15,16945.5,17023.25,16933.0,16935.25,243943,
2024-01-16,16935.75,17034.0,16812.0,16979.25,1344840,
2024-01-17,16979.25,16981.25,16689.0,16853.75,1237527,
2024-01-18,16853.75,17152.0,16839.25,17148.75,1387266,
2024-01-19,17148.25,17472.0,17131.5,17463.25,1264752,
2024-01-22,17484.25,17584.75,17434.25,17464.5,1151686,
2024-01-23,17464.25,17578.25,17409.25,17576.0,966692,
2024-01-24,17575.75,17794.0,17568.75,17617.0,1277785,
2024-01-25,17616.75,17752.0,17530.75,17542.5,1309961,
2024-01-26,17542.75,17631.25,17465.75,17504.75,1167053,
2024-01-29,17480.0,17731.5,17479.0,17722.0,996454,
2024-01-30,17722.0,17735.75,17409.0,17448.25,1005954,
2024-01-31,17448.25,17483.75,17221.75,17282.5,1380660,
2024-02-01,17282.5,17645.5,17262.75,17593.5,1260888,
2024-02-02,17593.25,17775.5,17465.75,17686.0,1326684,
2024-02-05,17708.0,17745.0,17553.75,17696.25,1051775,
2024-02-06,17696.5,17768.25,17560.75,17652.0,1224734,
2024-02-07,17652.0,17876.0,17629.5,17842.5,1138761,
2024-02-08,17842.25,17896.5,17791.5,17867.25,893582,
2024-02-09,17867.5,18071.0,17852.0,18037.75,882093,
2024-02-12,18034.75,18121.5,17911.0,17937.25,954386,
2024-02-13,17938.0,17963.5,17546.25,17690.25,1478609,
2024-02-14,17690.25,17887.0,17669.25,17878.75,1281692,
2024-02-15,17879.0,17968.5,17780.25,17952.5,1222552,
2024-02-16,17952.0,18026.25,17713.75,17721.25,1363318,
2024-02-19,17777.75,17807.25,17738.5,17748.25,246069,
2024-02-20,17747.75,17752.75,17452.5,17568.25,1476713,
2024-02-21,17568.75,17715.5,17373.0,17704.0,1397071,
2024-02-22,17703.5,18087.0,17702.5,18041.5,1304319,
2024-02-23,18041.0,18145.0,17946.0,17961.0,1260457,
2024-02-26,17982.5,18059.75,17922.0,17963.0,1066193,
2024-02-27,17962.5,18040.5,17908.5,18005.0,1109837,
2024-02-28,18004.75,18017.25,17846.25,17869.75,1152283,
2024-02-29,17869.75,18109.0,17826.25,18059.5,1273737,
2024-03-01,18060.0,18372.5,18030.25,18321.5,1235163,
2024-03-04,18344.0,18378.25,18217.5,18223.25,901814,
2024-03-05,18223.25,18238.5,17832.5,17962.5,1398473,
2024-03-06,17962.25,18174.25,17942.5,18018.5,1547786,
2024-03-07,18018.75,18360.0,17915.5,18266.25,1389270,
2024-03-08,18266.25,18436.25,18012.25,18055.25,1792166,
2024-03-11,18042.25,18055.5,17890.0,18048.25,685102,
2024-03-12,18047.75,18242.0,17929.75,18230.75,490940,
2024-03-13,18478.5,18506.75,18281.5,18373.0,1261983,
2024-03-14,18373.0,18428.25,18161.25,18238.5,1469741,
2024-03-15,18238.5,18323.0,18006.25,18063.5,1423878,
2024-03-18,18079.0,18380.75,18063.75,18191.5,1435618,
2024-03-19,18192.25,18289.5,18053.25,18268.5,1395984,
2024-03-20,18268.5,18589.25,18227.5,18578.75,1346603,
2024-03-21,18578.75,18708.5,18552.25,18589.0,1403558,
2024-03-22,18588.75,18626.0,18492.75,18564.0,1191059,
2024-03-25,18586.0,18601.25,18415.0,18540.5,1064448,
2024-03-26,18540.25,18618.75,18439.25,18489.25,1074177,
2024-03-27,18489.0,18572.25,18378.5,18480.25,1236034,
2024-03-28,18480.5,18539.25,18447.25,18465.25,1009571,
2024-04-01,18608.5,18611.25,18414.5,18470.25,1191031,
2024-04-02,18470.25,18514.0,18201.0,18328.5,1189659,
2024-04-03,18328.5,18485.25,18232.75,18445.75,1293371,
2024-04-04,18445.75,18568.25,18055.0,18091.5,1467765,
2024-04-05,18091.5,18407.75,18043.5,18310.5,1727616,
2024-04-08,18319.25,18377.5,18237.75,18301.75,1317558,
2024-04-09,18301.5,18407.5,18160.25,18368.0,1614826,
2024-04-10,18368.25,18470.0,18054.0,18158.5,1729210,
2024-04-11,18159.0,18519.25,18085.0,18490.25,1551862,
2024-04-12,18490.25,18507.75,18120.0,18171.5,1583047,
2024-04-15,18238.0,18351.0,17841.5,17870.5,1626844,
2024-04-16,17871.75,17988.0,17791.25,17935.75,1688897,
2024-04-17,17936.0,17968.25,17616.0,17686.25,1767590,
2024-04-18,17686.0,17771.0,17474.0,17489.5,1616746,
2024-04-19,17489.5,17552.5,17113.75,17180.0,2047558,
2024-04-22,17269.5,17448.0,17148.75,17322.5,1423719,
2024-04-23,17322.5,17717.5,17292.0,17700.0,1288575,
2024-04-24,17700.0,17795.75,17437.25,17462.25,1576996,
2024-04-25,17463.5,17827.75,17308.0,17759.0,1731538,
2024-04-26,17759.25,17901.25,17668.25,17837.0,1357564,
2024-04-29,17886.5,17949.0,17791.25,17909.5,1130841,
2024-04-30,17908.75,17921.0,17453.75,17507.5,1432547,
2024-05-01,17507.75,17791.75,17399.0,17530.25,1607769,
2024-05-02,17530.0,17808.0,17386.0,17754.0,1479271,
2024-05-03,17754.25,18050.0,17719.0,18027.75,1136067,
2024-05-06,18005.0,18201.75,17983.75,18184.0,877315,
2024-05-07,18184.0,18267.75,18150.75,18204.5,961252,
2024-05-08,18204.75,18242.25,18072.5,18162.0,969665,
2024-05-09,18161.75,18245.5,18104.25,18231.5,988655,
2024-05-10,18232.0,18348.0,18188.25,18239.75,1007969,
2024-05-13,18245.75,18336.75,18234.75,18284.0,831264,
2024-05-14,18284.0,18433.75,18167.5,18417.25,1096276,
2024-05-15,18417.0,18728.0,18392.75,18721.25,1147679,
2024-05-16,18721.25,18760.75,18633.0,18651.5,1023080,
2024-05-17,18651.5,18686.5,18545.0,18634.0,904112,
2024-05-20,18667.5,18794.5,18635.25,18752.0,809057,
2024-05-21,18752.0,18815.75,18678.0,18813.75,797147,
2024-05-22,18813.5,18892.0,18684.0,18875.0,1013169,
2024-05-23,18875.0,19022.5,18621.5,18701.25,1542987,
2024-05-24,18700.25,18926.0,18683.0,18871.75,985836,
2024-05-27,18837.0,18957.25,18834.0,18908.25,169466,
2024-05-28,18907.5,18980.5,18819.5,18930.0,1065688,
2024-05-29,18929.5,18934.75,18704.0,18723.5,1126105,
2024-05-30,18723.25,18787.0,18548.0,18559.0,1233093,
2024-05-31,18558.5,18668.0,18241.25,18571.75,1598950,
2024-06-03,18592.0,18755.5,18436.0,18650.5,1408107,
2024-06-04,18650.25,18753.25,18511.25,18737.75,1364655,
2024-06-05,18737.75,19108.25,18703.0,19091.25,1125838,
2024-06-06,19091.25,19124.25,19017.75,19075.0,1099999,
2024-06-07,19075.25,19155.25,18940.0,19031.0,1234180,
2024-06-10,19027.25,19129.75,18973.25,19084.75,1079243,
2024-06-11,19084.5,19269.75,18994.75,19256.75,1056892,
2024-06-12,19256.5,19612.0,19238.0,19600.25,1242275,
2024-06-13,19600.25,19690.0,19500.0,19618.5,1255595,
2024-06-14,19618.75,19700.0,19501.5,19696.25,1252554,
2024-06-17,19711.75,20001.0,19640.25,19932.75,485235,
2024-06-18,19933.0,19995.0,19851.75,19945.75,248762,
2024-06-19,20223.5,20252.25,20208.5,20236.0,149136,
2024-06-20,20236.0,20371.5,19958.5,20069.5,1455732,
2024-06-21,20069.25,20085.5,19914.0,20009.0,1192505,
2024-06-24,20008.5,20030.0,19728.0,19771.75,1434320,
2024-06-25,19771.5,19988.75,19725.25,19965.75,1215629,
2024-06-26,19966.75,20070.5,19901.0,19918.75,1299178,
2024-06-27,19918.5,20116.5,19873.5,20095.5,1302614,
2024-06-28,20095.75,20273.25,19906.0,19967.0,1536268,
2024-07-01,19946.0,20074.0,19811.5,20019.0,1479056,
2024-07-02,20019.5,20259.5,19909.75,20237.75,1383904,
2024-07-03,20237.75,20435.5,20205.0,20402.25,861065,
2024-07-04,20402.25,20417.5,20361.0,20390.5,131300,
2024-07-05,20390.75,20639.75,20380.75,20590.25,1106548,
2024-07-08,20590.5,20740.0,20579.25,20738.25,1071071,
2024-07-09,20738.0,20771.75,20616.0,20697.5,1214506,
2024-07-10,20697.25,20917.5,20696.0,20881.25,1065360,
2024-07-11,20881.25,20983.5,20376.25,20414.5,1808345,
2024-07-12,20415.0,20741.0,20332.25,20539.75,1386003,
2024-07-15,20560.0,20796.5,20506.25,20631.75,1450767,
2024-07-16,20632.0,20684.0,20464.0,20565.25,1429056,
2024-07-17,20565.25,20579.25,19965.75,20058.5,1786083,
2024-07-18,20057.5,20162.75,19758.75,19945.75,1992438,
2024-07-19,19945.75,19979.5,19654.0,19701.5,1781877,
2024-07-22,19816.75,20044.25,19718.75,19954.5,1666430,
2024-07-23,19955.0,20085.0,19786.0,19792.5,1582832,
2024-07-24,19793.0,19838.0,19166.5,19271.25,1793218,
2024-07-25,19271.0,19390.5,18883.5,19023.5,2462465,
2024-07-26,19023.5,19299.0,19018.25,19175.75,1795493,
2024-07-29,19242.0,19377.25,19113.0,19133.0,1725706,
2024-07-30,19132.75,19319.25,18726.75,19060.75,2014946,
2024-07-31,19060.5,19686.75,19014.25,19674.25,1841268,
2024-08-01,19674.5,19716.75,18841.25,18913.5,2304027,
2024-08-02,18914.0,18934.25,18385.75,18509.75,2332848,
2024-08-05,18263.25,18289.25,17346.0,18286.0,3357554,
2024-08-06,18287.25,18483.0,17961.25,18057.0,2077756,
2024-08-07,18056.75,18558.5,17745.0,17845.0,2156629,
2024-08-08,17846.5,18617.25,17825.25,18602.0,1810713,
2024-08-09,18601.25,18674.75,18383.0,18602.75,1563887,
2024-08-12,18628.25,18765.5,18524.0,18654.75,1434620,
2024-08-13,18654.5,19124.75,18636.75,19116.75,1204489,
2024-08-14,19117.0,19203.75,18925.5,19107.0,1402368,
2024-08-15,19106.75,19640.75,19104.5,19614.0,1198651,
2024-08-16,19614.0,19683.0,19445.25,19604.5,1106810,
2024-08-19,19648.75,19880.5,19525.0,19861.0,1082663,
2024-08-20,19860.75,19930.75,19743.0,19790.0,1144526,
2024-08-21,19790.0,19982.0,19771.25,19936.5,1253636,
2024-08-22,19936.25,20025.75,19542.0,19638.75,1526853,
2024-08-23,19638.75,19903.25,19592.0,19777.75,1371734,
2024-08-26,19763.25,19846.25,19506.5,19571.25,1239476,
2024-08-27,19571.25,19694.5,19441.75,19587.0,1166174,
2024-08-28,19587.75,19690.0,19139.0,19192.75,1430519,
2024-08-29,19193.25,19692.0,19191.0,19430.0,1653321,
2024-08-30,19430.5,19633.0,19370.0,19594.0,1301060,
2024-09-02,19586.5,19683.0,19511.5,19580.5,305867,
2024-09-03,19580.75,19644.75,18911.0,18957.5,1497840,
2024-09-04,18958.0,19115.0,18824.25,18932.75,1490936,
2024-09-05,18931.25,19150.25,18828.0,18912.5,1473650,
2024-09-06,18911.5,18972.5,18337.25,18377.5,1773452,
2024-09-09,18447.5,18742.0,18441.5,18713.0,1365449,
2024-09-10,18713.0,18876.75,18582.5,18837.0,1449394,
2024-09-11,18837.5,19293.5,18547.75,19244.25,1792529,
2024-09-12,19244.5,19483.25,19185.25,19452.5,1502943,
2024-09-13,19452.75,19577.0,19396.0,19504.0,1031966,
2024-09-16,19539.0,19544.0,19299.0,19442.75,608895,
2024-09-17,19441.5,19615.5,19341.25,19469.0,350244,
2024-09-18,19705.5,19899.75,19560.75,19763.5,1333504,
2024-09-19,19763.25,20203.0,19677.0,20049.25,1284245,
2024-09-20,20048.5,20084.0,19860.0,20014.5,1212743,
2024-09-23,20063.0,20164.0,19955.0,20068.5,1085822,
2024-09-24,20068.5,20214.75,19952.0,20179.75,1144876,
2024-09-25,20180.0,20284.25,20063.75,20277.75,1044876,
2024-09-26,20277.25,20537.75,20188.0,20344.0,1307059,
2024-09-27,20343.75,20396.0,20173.0,20194.0,1202659,
2024-09-30,20273.75,20286.75,20057.5,20248.0,1297452,
2024-10-01,20247.0,20331.5,19818.0,19933.0,1637454,
2024-10-02,19933.0,20089.5,19833.5,20055.25,1345464,
2024-10-03,20055.5,20115.0,19851.0,19983.5,1420078,
2024-10-04,19983.0,20263.0,19948.25,20203.75,1440561,
2024-10-07,20230.75,20264.75,19902.5,19983.5,1256719,
2024-10-08,19984.25,20329.5,19942.5,20273.5,1130248,
2024-10-09,20274.0,20482.25,20195.5,20450.75,1076011,
2024-10-10,20450.5,20508.0,20301.25,20452.0,1109577,
2024-10-11,20452.0,20494.5,20313.25,20412.25,976447,
2024-10-14,20426.75,20680.0,20382.5,20631.75,862260,
2024-10-15,20631.5,20659.25,20254.0,20351.75,1228922,
2024-10-16,20352.0,20397.5,20205.25,20313.75,1069660,
2024-10-17,20313.25,20594.5,20276.75,20405.0,1333693,
2024-10-18,20405.0,20532.0,20321.0,20484.25,979606,
2024-10-21,20514.25,20554.25,20342.5,20515.75,1102199,
2024-10-22,20516.25,20602.0,20360.25,20529.5,1164768,
2024-10-23,20530.75,20542.5,20079.0,20290.0,1384462,
2024-10-24,20290.0,20428.0,20260.5,20381.0,1157096,
2024-10-25,20381.75,20707.5,20364.75,20477.25,1293860,
2024-10-28,20598.5,20676.75,20486.0,20508.0,1085695,
2024-10-29,20507.75,20763.5,20432.0,20748.0,1195777,
2024-10-30,20748.5,20789.75,20422.25,20426.5,1260845,
2024-10-31,20425.75,20463.5,20007.75,20074.0,1515129,
2024-11-01,20074.5,20287.25,20017.75,20169.5,1332596,
2024-11-04,20135.25,20249.0,20013.25,20088.25,1150262,
2024-11-05,20087.5,20386.0,20041.75,20344.0,1077132,
2024-11-06,20342.75,20935.75,20323.5,20891.0,1532575,
2024-11-07,20891.0,21253.5,20860.75,21226.75,1036618,
2024-11-08,21226.75,21266.5,21121.5,21227.25,959804,
2024-11-11,21304.0,21340.5,21098.25,21216.25,1044265,
2024-11-12,21215.5,21252.25,21054.75,21160.25,1189824,
2024-11-13,21161.0,21268.75,21057.5,21166.25,1293249,
2024-11-14,21166.5,21191.25,20937.0,20949.75,1330898,
2024-11-15,20949.5,20956.5,20405.25,20503.75,1486088,
2024-11-18,20567.5,20724.5,20481.75,20622.5,1226901,
2024-11-19,20622.75,20792.5,20382.0,20783.25,1271325,
2024-11-20,20783.0,20843.5,20477.25,20752.75,1464292,
2024-11-21,20754.0,20907.0,20514.0,20773.75,1733931,
2024-11-22,20774.25,20880.5,20693.0,20878.5,1436326,
2024-11-25,20936.5,21081.25,20780.25,20834.25,1323488,
2024-11-26,20834.75,21025.0,20755.25,20985.75,1262745,
2024-11-27,20986.0,21019.25,20675.0,20823.25,1219710,
2024-11-28,20823.5,20909.5,20823.0,20887.75,179258,
2024-11-29,20887.75,21018.0,20805.75,20991.5,681244,
2024-12-02,20965.25,21259.5,20939.75,21213.75,1094599,
2024-12-03,21214.75,21336.25,21134.75,21332.75,1015003,
2024-12-04,21333.0,21550.0,21316.0,21510.25,970188,
2024-12-05,21510.25,21567.75,21424.0,21455.75,935398,
2024-12-06,21455.25,21669.5,21439.0,21634.0,1001042,
2024-12-09,21657.5,21706.5,21437.0,21465.5,1105553,
2024-12-10,21465.0,21606.75,21352.75,21428.5,1206058,
2024-12-11,21428.0,21819.75,21405.75,21758.25,1091334,
2024-12-12,21758.25,21772.75,21602.25,21744.5,1153886,
2024-12-13,21744.75,21908.0,21666.75,21760.5,1287516,
2024-12-16,21789.75,22152.5,21783.25,22099.0,579734,
2024-12-17,22099.5,22125.0,21901.0,21971.25,446501,
2024-12-18,21970.25,22083.5,21032.25,21199.0,335877,
2024-12-19,21472.25,21698.0,21345.0,21374.25,1587931,
2024-12-20,21374.25,21812.5,21007.0,21553.0,2072337,
2024-12-23,21657.0,21777.0,21476.0,21737.25,1449589,
2024-12-24,21737.25,22050.0,21708.5,22046.25,636261,
2024-12-25,22050.0,22085.0,22046.5,22060.0,15394,
2024-12-26,22059.25,22111.0,21870.5,22005.75,1051431,
2024-12-27,22006.0,22008.75,21498.25,21720.25,1410844,
2024-12-30,21701.75,21721.75,21252.75,21391.25,1378059,
2024-12-31,21391.25,21524.75,21181.75,21235.0,1354050,
2025-01-01,21273.25,21320.0,21243.75,21267.5,24545,
2025-01-02,21267.5,21490.75,20983.25,21163.25,1971743,
2025-01-03,21163.75,21559.25,21153.25,21490.25,1331923,
2025-01-06,21525.75,21897.0,21478.75,21771.25,1493626,
2025-01-07,21771.25,21806.25,21279.5,21393.0,1828907,
2025-01-08,21392.25,21448.25,21166.0,21315.25,1843602,
2025-01-09,21315.25,21347.0,21211.5,21238.0,292931,
2025-01-10,21238.25,21372.5,20874.75,20996.25,2119763,
2025-01-13,20999.5,21088.75,20693.5,21045.5,1904794,
2025-01-14,21046.0,21143.75,20773.25,20948.0,1847329,
2025-01-15,20948.0,21452.75,20908.75,21415.5,1498112,
2025-01-16,21415.0,21566.75,21171.75,21234.5,1643982,
2025-01-17,21234.5,21680.0,21226.75,21590.25,1489486,
2025-01-20,21546.0,21780.0,21535.5,21732.0,601787,
2025-01-21,21732.5,21820.0,21370.25,21809.5,1490400,
2025-01-22,21809.75,22094.0,21804.25,21965.5,1184012,
2025-01-23,21965.5,22051.25,21855.5,22010.75,1170782,
2025-01-24,22011.25,22078.0,21843.25,21908.5,1264390,
2025-01-27,21665.75,21673.25,20763.75,21327.5,2597740,
2025-01-28,21327.25,21626.0,21160.75,21545.5,1797397,
2025-01-29,21547.25,21697.25,21368.0,21538.5,1829669,
2025-01-30,21538.5,21748.75,21419.0,21698.5,1810096,
2025-01-31,21698.25,21965.75,21531.5,21571.25,1773042,
2025-02-03,21113.25,21600.0,20975.5,21571.5,2217470,
2025-02-04,21571.25,21694.75,21240.75,21567.25,1416163,
2025-02-05,21567.5,21795.5,21429.0,21773.75,1322878,
2025-02-06,21772.75,21882.0,21706.0,21854.0,1248119,
2025-02-07,21853.25,21967.75,21553.0,21575.5,1560983,
2025-02-10,21645.25,21893.75,21642.0,21795.25,987726,
2025-02-11,21795.5,21871.25,21669.5,21811.0,1124964,
2025-02-12,21810.5,21898.75,21510.0,21888.25,1421501,
2025-02-13,21888.0,22123.75,21752.75,22084.5,1449042,
2025-02-14,22084.75,22224.0,22042.5,22203.0,1121155,
2025-02-17,22211.0,22281.75,22192.0,22220.5,307959,
2025-02-18,22220.25,22320.0,22103.0,22250.5,1141723,
2025-02-19,22249.5,22299.75,22118.0,22217.5,1141237,
2025-02-20,22217.75,22229.5,21950.75,22161.5,1323631,
2025-02-21,22161.0,22245.75,21652.25,21659.5,1627720,
2025-02-24,21758.0,21813.0,21366.5,21385.25,1736908,
2025-02-25,21385.5,21452.0,20990.5,21225.5,2152082,
2025-02-26,21225.25,21409.75,21064.75,21213.0,1797701,
2025-02-27,21212.5,21386.5,20582.5,20674.0,2519885,
2025-02-28,20673.0,20944.25,20460.25,20910.0,2411243,
2025-03-03,20968.5,21120.75,20317.5,20514.5,2456559,
2025-03-04,20514.75,20733.0,20075.75,20579.0,2639372,
2025-03-05,20578.0,20725.5,20215.0,20605.5,2421789,
2025-03-06,20605.0,20648.5,20002.75,20187.0,2423929,
2025-03-07,20187.0,20286.75,19766.0,20207.0,2657460,
2025-03-10,20033.75,20156.0,19228.75,19304.25,2632611,
2025-03-11,19304.5,19687.5,19140.0,19477.25,2950560,
2025-03-12,19478.0,19788.75,19387.0,19684.25,2396283,
2025-03-13,19684.25,19693.75,19165.5,19359.25,2636475,
2025-03-14,19358.75,19742.75,19334.5,19666.75,2014764,
2025-03-17,19583.75,19959.25,19554.5,19821.0,999276,
2025-03-18,19821.5,19828.75,19401.0,19504.0,657827,
2025-03-19,19505.75,19935.75,19455.5,19824.0,396437,
2025-03-20,20031.75,20105.0,19734.5,19885.5,1796357,
2025-03-21,19885.75,19977.75,19602.5,19971.0,1765275,
2025-03-24,20108.25,20409.25,20096.25,20354.5,1286119,
2025-03-25,20355.0,20534.25,20292.0,20523.75,1258833,
2025-03-26,20523.5,20536.75,20003.0,20058.75,1647873,
2025-03-27,20059.25,20199.0,19937.75,19965.25,1863417,
2025-03-28,19964.75,20008.75,19360.75,19362.25,1905307,
2025-03-31,19256.5,19489.5,18976.75,19359.0,2138368,
2025-04-01,19359.0,19693.25,19261.25,19644.0,2244772,
2025-04-02,19643.75,20045.25,18817.5,18880.25,2575408,
2025-04-03,18879.0,19176.75,18591.25,18654.25,2346504,
2025-04-04,18654.25,18713.25,17387.0,17486.25,3254605,
2025-04-07,16721.0,18360.25,16480.25,17765.0,3373454,
2025-04-08,17763.5,18357.25,16870.25,16992.5,2963209,
2025-04-09,16992.0,19388.0,16735.0,19313.25,2999048,
2025-04-10,19312.75,19336.25,17918.25,18356.75,2874606,
2025-04-11,18355.25,18873.25,18071.75,18819.0,2395450,
2025-04-14,19013.25,19255.75,18738.5,18850.25,2127400,
2025-04-15,18849.25,19144.75,18692.5,18728.25,1832001,
2025-04-16,18728.25,18861.0,18116.25,18402.5,2173878,
2025-04-17,18402.5,18652.0,18261.25,18430.0,1981651,
2025-04-21,18314.0,18374.0,17700.0,18003.25,1603867,
2025-04-22,18002.75,18801.25,17949.25,18761.25,1941582,
2025-04-23,18761.5,19165.75,18624.25,18839.5,2072018,
2025-04-24,18839.25,19436.0,18595.0,19412.5,1893433,
2025-04-25,19412.75,19590.0,19215.25,19554.75,1930628,
2025-04-28,19454.0,19622.75,19257.75,19528.5,1673915,
2025-04-29,19528.5,19692.5,19379.25,19563.25,1624751,
2025-04-30,19563.25,19936.0,19102.25,19917.0,2051058,
2025-05-01,19917.75,20125.25,19748.25,19790.25,1730501,
2025-05-02,19791.25,20277.0,19754.5,20200.5,1607093,
2025-05-05,20085.25,20191.25,19966.25,20008.5,1302402,
2025-05-06,20009.0,20136.25,19738.25,20067.5,1721228,
2025-05-07,20067.0,20107.0,19678.5,19952.25,1763972,
2025-05-08,19952.5,20337.5,19925.25,20139.25,1781616,
2025-05-09,20138.75,20290.0,20057.5,20146.5,1407879,
2025-05-12,20452.25,20996.0,20441.5,20908.5,1707546,
2025-05-13,20908.5,21347.0,20818.25,21292.25,1392841,
2025-05-14,21292.5,21419.75,21237.0,21375.5,1423948,
2025-05-15,21374.75,21529.75,21192.25,21414.75,1371173,
2025-05-16,21415.0,21513.0,21320.0,21404.25,1111195,
2025-05-19,21381.75,21561.0,21112.25,21539.75,1358500,
2025-05-20,21539.0,21562.25,21298.0,21431.75,1226689,
2025-05-21,21431.75,21558.5,21071.75,21147.25,1690053,
2025-05-22,21147.0,21337.75,21039.25,21178.75,1448076,
2025-05-23,21179.5,21231.5,20727.5,20953.25,1580397,
2025-05-26,21188.5,21307.75,21167.0,21236.0,361931,
2025-05-27,21236.0,21488.25,21142.0,21470.5,1145350,
2025-05-28,21470.0,21776.0,21320.0,21766.0,1281251,
2025-05-29,21766.25,21858.75,21301.0,21317.0,1603605,
2025-05-30,21317.0,21433.25,21071.5,21369.0,1552911,
2025-06-02,21303.75,21576.75,21163.0,21494.75,1175342,
2025-06-03,21495.75,21759.75,21398.25,21705.25,1125347,
2025-06-04,21705.5,21802.75,21641.0,21741.25,1119754,
2025-06-05,21742.0,21936.25,21471.0,21546.0,1629071,
2025-06-06,21545.25,21880.0,21544.0,21809.75,1177087,
2025-06-09,21762.5,21892.5,21716.5,21832.0,957234,
2025-06-10,21833.0,22002.0,21732.0,21954.75,1264531,
2025-06-11,21954.25,22094.0,21790.25,21838.5,1520869,
2025-06-12,21838.25,21977.5,21716.5,21784.0,1239741,
2025-06-13,21785.0,21855.75,21470.5,21654.0,1632670,
2025-06-16,21687.25,21996.5,21659.75,21791.5,393748,
2025-06-17,21792.25,21907.75,21639.5,21680.5,305999,
2025-06-18,21905.75,22098.75,21883.0,21948.75,1209057,
2025-06-19,21948.25,21952.75,21650.25,21887.0,515865,
2025-06-20,21887.0,22130.75,21760.0,21874.0,1508977,
2025-06-23,21760.75,22256.25,21707.25,22236.25,1568350,
2025-06-24,22237.0,22447.75,22194.0,22424.25,1082482,
2025-06-25,22425.0,22548.25,22388.25,22465.0,1041493,
2025-06-26,22464.75,22711.25,22456.5,22677.75,1013688,
2025-06-27,22678.0,22823.75,22600.0,22740.25,1194515,
2025-06-30,22818.0,22934.0,22780.0,22881.5,1111997,
2025-07-01,22881.5,22915.0,22593.75,22708.25,1296745,
2025-07-02,22709.25,22863.0,22584.75,22848.5,997531,
2025-07-03,22848.0,23101.25,22827.0,23034.75,663741,
2025-07-04,23034.75,23049.75,22881.25,22904.5,259377,
2025-07-07,22984.5,23002.75,22780.25,22874.0,1239555,
2025-07-08,22873.5,22972.0,22841.0,22901.25,1082379,
2025-07-09,22901.0,23111.25,22843.25,23035.0,1125116,
2025-07-10,23034.5,23089.75,22901.0,23044.5,1043502,
2025-07-11,23044.5,23046.25,22830.75,22937.25,1179412,
2025-07-14,22867.0,23067.75,22805.0,23011.5,972320,
2025-07-15,23012.0,23222.75,22973.75,23014.25,1378190,
2025-07-16,23014.25,23100.0,22835.75,23040.5,1368560,
2025-07-17,23040.5,23288.5,23017.0,23280.25,1036407,
2025-07-18,23280.5,23320.5,23170.0,23228.75,1010570,
2025-07-21,23260.25,23425.0,23223.5,23346.5,934499,
2025-07-22,23346.5,23367.75,23105.0,23261.75,1254724,
2025-07-23,23262.0,23416.5,23142.5,23401.0,1223925,
2025-07-24,23400.5,23425.0,23298.5,23406.25,1027491,
2025-07-25,23406.5,23477.0,23330.25,23447.25,880968,
2025-07-28,23534.0,23585.0,23437.0,23528.5,919515,
2025-07-29,23528.5,23652.25,23422.0,23474.75,1132886,
2025-07-30,23474.5,23740.75,23355.0,23725.0,1231612,
2025-07-31,23725.0,23848.0,23241.75,23297.5,1771854,
2025-08-01,23298.25,23343.0,22788.25,22869.0,1851172,
2025-08-04,22927.0,23363.25,22916.75,23334.0,1183668,
2025-08-05,23334.0,23404.25,23045.25,23052.75,1536156,
2025-08-06,23052.75,23480.0,23049.0,23451.5,1362020,
2025-08-07,23451.75,23671.25,23330.0,23540.0,1607016,
2025-08-08,23539.75,23768.5,23503.25,23767.25,1075465,
2025-08-11,23707.0,23804.5,23587.0,23636.75,1075753,
2025-08-12,23636.0,23966.5,23596.0,23960.5,1180894,
2025-08-13,23959.75,24069.0,23886.0,23949.25,1104161,
2025-08-14,23949.5,24005.5,23793.25,23888.75,1187173,
2025-08-15,23889.25,23962.75,23734.75,23796.5,1120802,
2025-08-18,23849.75,23882.0,23718.75,23804.75,1004013,
2025-08-19,23805.0,23806.0,23413.5,23422.0,1411472,
2025-08-20,23422.75,23452.0,23035.25,23319.5,1741717,
2025-08-21,23319.25,23369.5,23119.5,23248.0,1587420,
2025-08-22,23249.0,23650.0,23074.25,23582.75,1502108,
2025-08-25,23575.0,23616.75,23445.0,23496.5,1115468,
2025-08-26,23496.25,23625.0,23371.25,23614.0,1259050,
2025-08-27,23614.5,23685.0,23429.0,23508.25,1177712,
2025-08-28,23508.25,23803.75,23486.75,23748.25,1345638,
2025-08-29,23747.5,23755.75,23401.5,23454.5,1396698,
2025-09-01,23538.5,23555.25,23371.5,23445.5,328668,
2025-09-02,23445.5,23484.5,23025.0,23334.5,1753185,
2025-09-03,23333.75,23526.0,23299.75,23438.0,1507347,
2025-09-04,23438.0,23722.0,23410.0,23706.25,1295322,
2025-09-05,23706.25,23902.5,23505.0,23673.0,1796810,
2025-09-08,23778.0,23888.0,23726.25,23807.25,1218657,
2025-09-09,23807.5,23918.0,23726.5,23885.75,1179729,
2025-09-10,23885.5,24041.0,23785.0,23900.75,1330531,
2025-09-11,23900.5,24048.75,23845.0,24019.25,1154219,
2025-09-12,24019.75,24159.0,23968.75,24114.5,1007272,
2025-09-15,24110.25,24315.75,24075.5,24305.0,495918,
2025-09-16,24305.25,24403.75,24257.5,24304.5,221583,
2025-09-17,24304.25,24345.0,24003.5,24341.0,251762,
2025-09-18,24584.25,24815.75,24559.75,24740.0,1246596,
2025-09-19,24739.75,24888.0,24655.0,24861.25,1096024,
2025-09-22,24851.0,25027.25,24748.5,24997.5,1046933,
2025-09-23,24997.75,25026.25,24779.25,24840.75,1251947,
2025-09-24,24841.0,24913.25,24628.0,24755.75,1261912,
2025-09-25,24756.25,24792.5,24422.0,24616.75,1811156,
2025-09-26,24616.75,24747.25,24520.0,24727.5,1532976,
2025-09-29,24772.25,24975.0,24764.5,24824.0,1261289,
2025-09-30,24823.5,24913.75,24722.5,24830.25,1479656,
2025-10-01,24830.75,25037.0,24633.75,25022.5,1328353,
2025-10-02,25021.75,25180.0,24993.75,25124.25,1280707,
2025-10-03,25124.25,25197.0,24923.0,24981.5,1365912,
2025-10-06,25067.5,25253.0,25045.0,25142.0,1120280,
2025-10-07,25141.75,25274.75,24985.25,25033.5,1487759,
2025-10-08,25033.0,25393.0,25026.25,25379.0,1146038,
2025-10-09,25379.25,25379.25,25160.75,25335.0,1397570,
2025-10-10,25335.5,25388.0,24157.75,24188.25,2389195,
2025-10-13,24786.75,24965.0,24724.5,24912.0,1864300,
2025-10-14,24912.25,25044.5,24423.25,24773.0,2361646,
2025-10-15,24772.5,25117.75,24663.5,24943.25,2120468,
2025-10-16,24943.25,25179.75,24643.25,24760.0,2611799,
2025-10-17,24759.5,25054.25,24410.25,25033.0,2495686,
2025-10-20,25011.5,25355.0,24956.0,25323.75,1298481,
2025-10-21,25323.5,25368.0,25203.0,25245.0,1379119,
2025-10-22,25245.0,25338.5,24805.25,24996.5,2098205,
2025-10-23,24996.25,25305.0,24933.25,25297.5,1526318,
2025-10-24,25298.75,25569.0,25284.25,25510.25,1207669,
2025-10-27,25717.0,26026.0,25707.5,25994.75,942446,
2025-10-28,25994.25,26232.0,25942.25,26184.0,1144733,
2025-10-29,26184.0,26378.5,26047.5,26235.75,1703756,
2025-10-30,26235.25,26399.5,25853.0,26170.5,2095831,
2025-10-31,26171.25,26273.0,25887.75,25983.75,1733752,
2025-11-03,26080.75,26265.75,26012.75,26069.0,1407537,
2025-11-04,26068.5,26069.25,25501.75,25503.75,2034999,
2025-11-05,25504.25,25878.5,25282.75,25773.0,1766167,
2025-11-06,25772.75,25823.75,25197.25,25316.75,2272838,
2025-11-07,25316.75,25354.75,24709.0,25227.25,2541453,
2025-11-10,25335.25,25760.0,25268.75,25742.75,1737676,
2025-11-11,25742.0,25768.75,25478.5,25650.25,1579341,
2025-11-12,25650.5,25830.5,25488.75,25540.5,1782274,
